609057586235637761,none
608308108650246144,none
608973160625631233,none
608882627089596416,weak
608584896534208513,medium
608983299265019906,none
609676619645587456,medium
608991534386688000,none
609140608960086018,none
609233749373550592,none
608841375753359361,none
608323936632340481,none
608304476718514176,medium
609636777616248832,strong
607990003646341121,weak
608458572880576514,weak
610047021202964481,none
609344544522522626,none
608332843408687104,none
609715615352254464,strong
609412021675757569,none
608435251375910913,weak
609032006421192704,weak
609120955705593856,weak
607932371489296384,none
607854609676267521,none
607926336380792832,weak
608103284239384576,weak
608014414969593856,none
608655930763411457,none
607816242519502848,weak
608600996886011904,none
609759582328590336,weak
610140931157659648,none
610152000295202818,weak
609408608695123968,none
610034795599499264,none
609040663225602049,weak
609143081976266753,strong
608855918483255296,weak
609018273137610752,weak
608539441888681984,none
609128792397873153,strong
609352061986193408,none
609361152976490496,medium
610149872059195392,weak
609441395238174720,weak
609364298847141889,medium
609289305794723840,weak
610121807354568704,medium
608876447151869952,medium
608687735008841728,medium
609747305105895424,none
608997884416110592,weak
608999590243741697,strong
609447974607962113,medium
609725811403436032,none
608966172122476544,none
608797181496143873,none
608990849138077696,weak
608444291514515456,weak
609402067032088576,none
609507680047243264,weak
609767435999289344,medium
609303243831836672,none
610052516194217985,none
610025145650950144,medium
608507395258482688,medium
608468880026161152,none
609201316099981312,medium
608929466216230912,weak
609688058372464640,none
608405183450771456,weak
609360579984236544,none
610114423794081792,none
609391614881058816,weak
608197096001421312,none
608023878925877248,weak
607951603417645056,weak
609110182573019136,none
609729494220288000,none
608026411228524544,none
608638021785669632,none
609967011951587328,none
608465646930788352,none
607918899007348737,medium
610094844204163072,strong
609397314021527552,none
608537098719735808,none
609979286435463168,none
609300381286408192,none
607925173098979328,none
610080518453891072,none
609193438169403392,medium
609134647600095232,medium
609412627886837760,none
608998699541385217,none
609989029468184576,strong
608365725540085763,medium
608436167944605696,weak
609685103606951936,medium
609035658338967552,none
608682806609207296,strong
610159803571302400,none
609768184594477056,none
609500679120490497,medium
609394765961003008,medium
609418773070786560,medium
609351511324381184,weak
610152495176810496,none
608720863953842179,none
610132177427267584,weak
609072995445952512,medium
609597407307952128,none
607825453404049408,none
609348760708227072,weak
608529062777069568,none
607981711767400448,none
607869933075210240,weak
608741426621341696,none
607758807783981056,none
608458427921264641,none
607923375722209281,medium
610131270757163010,weak
609105839006343169,none
609707093579440129,weak
609091736451858432,strong
608066621400178688,none
609009926355218432,weak
609719400283959296,weak
608413375933095937,none
608635576586223616,medium
609594540001988609,none
609268986459627520,none
609431005699702784,none
609460217269633024,strong
610126144763891712,none
610148974670942208,none
608446191177740288,weak
608345038788161536,weak
608849922255781888,weak
608457764457844737,weak
608258383586721792,medium
607787910843269120,weak
607971554895364096,none
609698201214545920,none
608006352837869568,none
609666236390207488,medium
608831302490415106,weak
608370528265461760,none
608911734896795648,none
608551961454063616,weak
608759317190221826,weak
608463798916235264,weak
608208614021599233,none
608970436177719298,medium
607983727814307840,strong
608800877852262401,medium
609851889212002304,none
610082540766937089,strong
608679438792929280,none
608934131704168448,medium
607944548258422784,none
608939490304860160,strong
609901627479302144,strong
607887551307874305,none
610173644417970176,none
609332808016896000,medium
609337121481064448,medium
608739407592423424,none
609407466368069632,none
607920180824567809,weak
610059159833313281,none
608774888296333313,none
608961210290196481,medium
609111061271314433,weak
610021097665363968,none
608744891766726656,none
608253714701393920,none
609342621010558976,none
607973952040804353,weak
609675898254700544,none
608032344356876288,medium
608751950566404096,strong
608857991874412545,none
609040166855020544,none
607683478751027200,weak
608847404197138432,weak
608094224995762178,weak
609052695186518016,none
609004453824483328,none
608997777201356800,none
608166901714452480,none
609342424889081856,weak
607925299876012033,none
609470479699681280,medium
608359409505468418,medium
610125845512986624,none
609300379050840065,weak
607907317091176448,none
608506629114490880,medium
608359709096181762,none
608032057898508288,none
610100077739278336,medium
609247701411217408,none
610146104840187904,none
609671631255007232,none
610043694951985153,none
607726946080980992,weak
608372520555814912,none
608491571294691329,none
609496944533184513,medium
607917417625296896,none
607997045673193473,medium
609797459292745728,weak
608275617201549313,none
609837348797419520,weak
609746131640320000,none
609330709619195904,medium
609133286724468736,weak
610094173274931200,strong
609773071210299392,none
609822058361524224,weak
609363331468673024,weak
608687645628092416,none
608955092159590400,medium
609095030926635011,none
609724452230856704,none
608988326167724032,none
607948159961186304,none
609044148906287105,none
609826099745284096,none
608630087316058112,none
609410132938747904,none
608457556189704193,weak
609990185078624256,none
608886156516655104,none
609135817450237953,none
608383780311728128,none
609113301235195904,medium
608352399279931392,weak
609418648051036160,none
607982650188537856,none
610038875243872256,none
608658774769958912,medium
608426230203998208,weak
609705101192765440,none
609056814819323905,none
609164871465324544,weak
608592851358916608,none
609678807226843137,none
610156894007787521,weak
608091421359357952,weak
609352013676044288,none
608807876308676609,weak
609359531584409600,medium
607964276897153024,none
609414496298356736,none
607810936376803328,none
607754648645181440,medium
609461675721400321,weak
610180155814903808,none
610056503626698752,none
609616995483521024,none
609387354072219648,none
610062301585108992,weak
609522409096511488,none
607932903671140352,none
608082154258632705,none
609973847996108800,none
607986303393742849,none
607958703652880385,none
608178186711658498,none
609050239027126272,strong
608638056715964416,none
607723976702443521,weak
609799932933992449,medium
609602870577598464,none
608744232942067712,none
609775638912860162,none
609161129064009728,weak
608554075412520961,none
609194994700828672,weak
610070148876251136,medium
610118263717019649,none
609433768051523585,none
609511677931884544,strong
609474306461048833,none
608661269068001281,weak
608920088545214464,weak
608947797543403520,none
609134985812045824,none
608414877242257410,none
608272113741533184,weak
608022194828877824,none
609072487163408386,none
608852174315986944,none
609643054664957952,weak
609806173907386368,weak
609684420082180096,none
609957541196492800,weak
608420835481759744,none
608394092008062976,none
608461330740355073,weak
608358832146903041,none
607881327661047808,none
609325857816100865,none
609017323094220800,weak
608079422520991745,weak
609490872334458880,none
608952026102427649,weak
609873692148035584,medium
609495485112385536,none
608106524452356097,none
608526066597175296,weak
608122623776686080,none
608411514228203520,weak
607984975724593152,none
608442469626187778,weak
609401274572886018,none
610113852949270529,none
609167234984873984,weak
608578588737200128,none
608794125572292608,none
609388756953624576,none
609074889035788289,strong
608992566550368256,none
608347443823017987,medium
608333579823783936,none
609715103101902848,strong
610109690018701312,strong
609204522263650304,weak
609441986840522753,medium
608833806125006849,none
607827108270739456,none
608110291444887552,none
607672151638876160,none
608472672570232832,none
608813681443545088,none
610109743022129152,strong
607857368676859905,none
609186132375416832,weak
609899436018372608,none
609744798673539072,weak
608280186472288257,weak
607839463230705664,none
609038163751878659,none
608940315593060352,none
607899486883594240,none
609468740862775297,weak
609234184452751362,weak
610193126091788288,none
608053643300995072,strong
609331127938105344,none
608142518090227712,none
609454123746988032,none
609835392079040513,none
607930331228823552,none
609988792947224576,none
608395977628753920,none
608493964061233152,none
609799186419187712,none
607717807300558849,weak
610168057957359617,none
609377241349365762,none
608160801841651712,none
610135600008564737,none
610063063685795840,none
610172382351745024,weak
610102406408482817,weak
608359956925022209,none
608695979244703744,weak
608247572902363136,none
608255725551230976,none
608245509959106560,medium
608980783924178945,weak
608030807475617792,weak
609100135797256193,none
608848661284556800,none
608834560655286272,none
609767933913468928,weak
608029769481920512,none
609246530898366464,none
608369352484786176,weak
608179756182454272,weak
607724302742487041,weak
608340641479815169,none
607974832999821312,medium
608457797580263426,none
609331637227229185,none
610110749961228290,weak
609518871779889152,medium
609046942233059328,none
609390893582450688,none
607899463743475712,none
609207514543034369,none
609301246667849730,none
609012492933537794,none
609706352617881600,none
607994702214918148,none
610122293474299904,weak
608443279361867777,none
610152342521028609,none
608016799829889024,none
609306027176161280,none
608079091158384640,medium
610177242782679040,none
609416373412995072,weak
609477170889625603,weak
607932867050504192,none
609929955007295488,none
609039933328793600,none
607813269454077952,none
609380211868729344,none
609428738959388672,weak
609403840052469760,none
609009807807385601,none
610141266114965504,none
609701774979563522,weak
609752487168475136,strong
609039072292671488,none
610009028324925440,strong
609749577831288833,medium
609986987873959936,none
609434692484526080,none
609752580567085058,none
609111303106535425,none
607945451346763776,none
609767648818278400,none
609279978254020609,none
609021974682042368,medium
608462112193671168,none
608444679806423041,none
608199618187411456,weak
609314455239938048,strong
610197224828600320,none
608212210968629248,none
610012260166189056,none
607989226144169984,none
609352183860056064,none
608197088577527808,none
608255009143328769,weak
608078819279441920,none
608676737682169856,none
608269410009284608,none
609344651015888897,none
608320918394277888,none
608117816915578880,weak
608088350071881728,none
610050559899340800,medium
610190069928865792,none
609048732416548864,weak
608724295863427072,medium
608095177547202561,weak
609716416887951360,medium
609797449670995968,none
608868777602580482,weak
609014901751824384,none
609034778738724864,weak
609978625308299264,none
609794383710261248,none
607937650905874432,none
609348103389487104,weak
608925421648908290,weak
607781342131142656,medium
609881512113229825,none
609075380780212224,none
610109231656779776,weak
608724691491123200,none
607947779441172480,none
609390952927596544,none
609441620191248384,medium
609326598358220800,medium
608542150196891648,weak
610157286464618499,weak
608788996445986818,none
610190266885099521,none
609948900074520577,medium
608655788555513857,none
609112309294882818,none
609420795341881344,weak
609785419199197185,none
608232398199898112,medium
607834491894132736,weak
609134583548899328,none
609487571677224960,weak
608908288261001216,none
608798443453046784,strong
609847729133453312,weak
608794995756298241,none
609397494280138752,weak
609923464825307136,medium
607968621805989888,none
609256629721255936,none
608717827470573568,none
609356696113283072,none
609539459713925120,medium
607744216731688960,none
609527621286789120,none
608029762460786690,strong
609971043172773888,weak
608688782821453825,weak
609265222193389568,none
609160482717585408,none
609168194884898816,none
609007877752279040,weak
609417423809302528,none
609424959631458304,medium
609462235182821376,medium
609081754528428032,medium
608900311688818688,weak
608912651922608129,weak
609052704766332929,none
608326252399890435,none
608349920286896128,none
608299390260932608,none
609758049490862080,weak
609842832082276352,none
608028443725430787,none
608091735626031104,strong
607923549173645313,none
609733243785621505,medium
609437025997991937,medium
609507177200513024,weak
609085727335436290,medium
609223895531540481,weak
609405212021915649,none
609747530696552451,none
609276653928361984,none
609535452782198785,weak
608012674618802177,weak
609503139885117442,weak
608908946863222785,medium
609515901063417856,weak
610205028792598529,none
609419297832742913,medium
609780343680409600,none
609404828968574976,none
608719307183370240,medium
610006812335697920,medium
610099673324462080,weak
608668649973514240,weak
608381884142350336,none
609519803376603136,none
609114651880652802,none
609076413186965505,none
608212874125676544,medium
608652216489119744,none
609224126344089600,none
609031339204034560,none
609493668412534785,none
610030285623816192,none
609163485893693440,none
609347577272774656,none
608623582139314176,none
609451411055767552,none
608766363797102592,none
609000415322103808,none
608344088262373377,none
609824314775470080,none
609485950901723136,none
607700276707917824,none
610007794931122176,none
610047431804329984,none
609164213412495360,medium
610092081223221248,none
610168761862201344,weak
608004716581257216,none
608869043307687936,none
609788085904084992,weak
607708075353612288,weak
608095168324075521,none
609129764469755905,medium
610089560253571072,medium
608401708025184256,medium
609186116974067712,none
608618418158317568,none
610128599002259456,none
609680383479681025,none
608234446081421312,strong
608747894808702978,none
610062399408726018,strong
607799720585486336,none
607842529640259584,none
608206936215945216,weak
608568493743742976,none
608200624568549376,none
610059413173342208,none
608556744512565248,none
609445816009367552,none
608096721923665921,none
609217416854405120,none
608432109859037184,medium
608843561140895744,weak
609001931663618048,none
608306561669300226,none
607888443708973056,none
610083910530281472,none
609990980691980288,weak
609726799929606144,medium
609461455960846336,weak
609875753778462720,weak
609479068950638593,weak
610159802644340736,medium
609435107829653504,none
609100107804504064,weak
609762671554990080,none
608263542765023232,weak
610056429186207744,medium
610106682149072896,none
608808628695343104,medium
608938014669180928,none
609223897507098625,none
608252791396646913,none
609783574456184832,weak
607974405570887680,none
609722649149747200,medium
608276132002041856,none
609750446912045057,none
608592551852036096,none
608855931552718848,none
608377861293113345,none
610158544428478464,medium
608315579913629696,medium
607971950988685312,none
608891444280049664,medium
609510661404655616,none
608835084339277824,none
609631379530383360,medium
609028812228026368,weak
608700141428604928,weak
609952184705400832,medium
608661420578721793,none
609875428531142656,weak
609793641909911554,medium
609476271978876928,none
608997214690529280,none
610133370731794432,none
608043028696190976,weak
609420163994116096,weak
609176887777226752,none
609588624158556160,medium
608376229893447680,none
609476770509815808,none
608298430130208770,none
609363305178767360,weak
609405358814195716,weak
609094456327974912,strong
608360611664297984,none
609895465627160576,none
610025386852810752,none
609321136942358528,none
608310131734872064,none
607913164357779456,none
609454047263870977,none
608674006435102720,weak
609582472741810177,none
608470408799617024,weak
608322449638322179,none
608294260027346944,none
609346866451488768,none
608664680471654401,strong
609803432753377280,medium
608315733286731776,medium
609169527713173504,none
608707023258161152,none
608560069144289280,none
609313800920137728,none
610103301804326912,none
607856239750414336,none
609448869873717248,medium
610084560383180800,none
609764179050893313,strong
607763964785606656,none
608521158174986242,medium
610015966093791232,weak
608649887412985858,weak
608318688849182724,none
608102726140989441,weak
609807305291485184,none
609073072285593600,none
608058593754161152,none
609118690269745152,none
609004935515021312,weak
607915191901290496,none
607985528034557952,weak
609304002627522560,none
607983601305681920,weak
608827274339692544,none
609029347144552448,weak
609451868633198592,none
609203900726575104,none
607734256383717376,weak
607968136843784192,weak
608447451704512514,medium
607961154741075968,medium
608883901940035584,weak
609498561500315648,weak
608317745503944704,medium
608773420562657280,none
608434922840162305,none
609789440626683905,none
607707901407457280,none
609216258819534848,none
609210355345027072,none
609080295975849984,none
608293138348830720,medium
608403226656915456,weak
610142501702402048,none
607925104295559168,medium
609478472919052288,none
607976369427857408,none
609008965263982593,medium
608408481654259712,weak
607745791520694272,none
608005851601891328,weak
608608158911729665,none
609183804180180992,weak
607779109524119552,weak
608429784528482305,none
608936127169458176,none
609013608438185984,none
607942788420902913,weak
609111799007469568,none
608043822182973440,weak
609112350726193154,medium
608038488068509696,none
607870383925133312,none
608687610630819840,none
608932310474477568,weak
609363313047281665,none
608519965394804737,none
608977087454674944,none
609246287850962944,none
609027994842230784,none
609465595835379712,weak
608725398138933248,none
608755787540750337,medium
608789125005733888,none
608530573359874049,weak
608264916844314625,none
609714549546196992,weak
609183370413764608,weak
609385269792538624,medium
610075776856260608,weak
607794435418497024,medium
608808654092038145,weak
609486090735501312,weak
609337131698229249,none
608845133551771648,none
609426687412056064,none
608665805178339328,none
609382418928173057,none
607908148540612608,none
609276585221451776,none
609176670055100416,none
607951526074679296,none
609777448876576768,none
608853917594734592,weak
609605495339532288,medium
610149967978565633,none
610102869585494016,medium
609417442893262848,none
609707293362495488,none
608083866914455553,medium
609359581362327552,none
607950233113198592,none
609949762230558720,weak
609513041890291713,medium
607980537643278336,weak
609396415681445888,medium
608274373498306560,weak
610094370927300609,none
609868855863844864,medium
609004674226728960,none
608963244972236800,none
610199605456838656,strong
609438808195502081,none
608598498850668544,medium
609486085987680256,weak
608414975074410496,none
608040173805445120,none
609067906689839104,none
608041436030898177,none
609552667942219777,weak
609857104183214080,medium
607867811352969216,none
608385260355743744,weak
609124766067240960,none
610069022726594560,none
609025705297338368,weak
609669441434066944,weak
608763398084546560,weak
608744358184108032,none
610173844561788928,none
609624019281670145,weak
609757375252201472,none
609387663678918656,none
610129612803158016,none
609399551292784640,none
609935186101276672,none
608969928083935232,medium
608420442760691713,none
609155688451997696,medium
608090174677991425,none
610085634007392258,none
607938456661028865,none
607901164198330368,strong
608695020003147776,medium
608277862047707136,strong
608668468603322369,none
608911722011873280,none
608359169398153216,weak
608341349398683649,none
609098225107107840,none
609170557792223232,none
609979864469254145,medium
609794629198815232,none
607673643120918529,weak
608318426742980608,weak
609267488086491136,weak
609099154460160000,none
608676019260796928,none
609793111708041216,none
609198181570772992,none
607877528187990016,strong
608897454231158784,none
609712897871192064,none
607733375428730880,none
608724236035710979,none
608476232221601792,none
608867243720601600,weak
609546737376583681,weak
608890073262751744,none
609776510791102464,none
607823815104720896,none
609019851475140608,none
609371231289233408,none
609535457005846528,medium
610080645373665281,none
608989685877235712,none
609994229465632768,none
609007214792204288,none
610090465581498368,medium
609134694521794561,none
609745328405913600,none
609574290275610625,weak
608727096098078720,medium
609586043088564224,none
607976933532573696,medium
608290479097192448,weak
607845023024050178,none
608881276049829889,weak
609515781953572864,weak
609768597351600129,none
607930110268841985,none
609508859397447680,none
608648643009077248,none
609343762255478784,none
607785388468363264,weak
610035364154200065,strong
610197124387463168,none
608412036247232513,none
607733281354694656,none
610131998225477632,none
608636517972475904,weak
609359645061287936,medium
609043278084726784,medium
609753074949849088,weak
609137048344117248,none
609022302257188867,medium
608459594453647360,weak
609572216699777024,weak
607931247076249600,none
608355417740079104,none
609345686136557568,none
609319976051298304,weak
609284255076773888,none
610065075462930432,none
609374652096466945,medium
610060313141059584,none
609373412406992896,none
609770716284620801,weak
609296510879072258,none
609487366697431040,none
608801588308656128,none
609423419109732354,weak
609884243859103745,none
609426689467248640,none
609548519225950209,weak
609329546215591937,weak
609496574889185281,none
609050027428683776,weak
608024469425127425,weak
610096516888444928,none
608887669167374336,medium
609858047670923265,weak
608651889958395907,weak
608369881109680128,none
608759561541935104,none
609505492264710144,none
609570654258511872,none
609417750201675776,none
609581937548615680,none
608275198605848577,none
607692463365603328,none
609149510359613440,none
607976107904802816,none
609890497826525184,medium
608477723703545857,none
609849746618880000,weak
608665031903854594,none
607985092288348160,none
608407080853225472,none
609723739417219072,none
608748953123876865,none
609028113150836736,none
608328978282061824,none
607951198126260224,none
610085445339361280,none
609479695315431425,medium
609375629637763072,weak
609039455815634944,medium
609525884677189633,none
609722113977663488,medium
609840403978829824,strong
607827179456614400,none
607763519409225728,none
609009920890015744,weak
609736534435233792,weak
609785572945563648,weak
607679294811144192,none
609246844749803520,weak
608754988211425280,none
609677493440802817,medium
609889450286559233,none
608212436030783488,none
609418667835662336,none
608133232211705856,none
609748932042838017,none
609105327250894848,none
608658470905200640,weak
608279708522921984,none
608348570253725699,weak
610195874623438848,none
609239189742350336,weak
608983580157554689,none
609357686812057600,medium
608182260790140928,none
610168646376267776,weak
608313432232861696,weak
610070227976617984,none
609328688031789056,none
608930812382355456,none
609762654622756865,weak
609364812804530177,none
608050935869411331,medium
609165781381869568,weak
607938737327083521,none
608254450801766400,none
608849901636694016,none
609781041579040768,medium
607865098078720000,none
610035650889445376,weak
608128613364416512,weak
609465335498981376,weak
608239910160605184,none
610192856217747456,none
608630968237236228,none
609959736671358977,weak
607846687684628480,weak
608085660751261696,none
608300300852686852,none
609737571862773760,weak
609784377602613248,none
607755510759047168,none
609751283227074560,none
609930282418880514,weak
610054327739285504,none
610134677928714240,none
609262121998778369,none
609524816140349441,none
609784698240434176,none
608363011418374144,weak
608126893921964032,none
608046632639295488,none
609497587075432448,none
609576970041585664,none
607856226479669248,none
609413596515151872,weak
608027762926985216,none
608392385425338368,none
608347082844438530,weak
608829184497078272,none
608022504049934337,weak
608036256858128385,none
610098444045303808,weak
610037052470636544,none
609088123604201473,none
608591267073810432,none
608635282892709888,none
608665622260674560,weak
609857813762940928,medium
607816862395695104,strong
609067593450827776,medium
608702923779002368,weak
608270100622405632,medium
608762127260749825,none
608222516096724992,medium
609396021513351168,none
609842934050066432,none
609179166924214272,weak
609968762394120192,medium
607974388223254528,none
609178446653206529,weak
609266422301204480,none
610200047951609857,none
608393291269324800,weak
607946654403002368,none
608425140855164930,medium
609321526328848384,none
609525623581745154,weak
607979970208665600,none
609596812123578369,strong
609197455746273280,none
609109398426951680,medium
608372594467840002,none
610088208081285120,weak
608114666959695874,weak
609199797942284288,weak
609381569149698048,none
609045780947738624,weak
609685403788914689,weak
609552067565363201,weak
608257035927482368,weak
608426989444325376,none
608671475709669377,none
609797672397090816,weak
609601544137375744,weak
608121871771430912,weak
607824636630470656,medium
608192830108876801,weak
607917393193660416,weak
608455807143845888,weak
610162691265667073,none
608999817856069632,strong
607831170428997632,none
607960303247097856,none
609846489121169408,none
608422127583285248,weak
609397703131459584,weak
609450210599636992,none
609692402610216961,weak
610061903503556608,medium
609305416342765568,weak
609216332761010176,none
608208397616480258,weak
608652583733989377,none
609939596466524161,medium
609749551398916096,none
608414317189427200,none
610201503752658944,strong
609653970529730560,weak
609515345448169472,none
608289757429420032,weak
608316479428263936,weak
608096911200022528,medium
607852350406041600,weak
609310678114017281,weak
609075155248291841,medium
609096545263345664,medium
609753367154307072,weak
608739280559722498,weak
610103164176433152,none
609018662620663808,weak
609763459388035072,weak
609601116666507264,weak
609483378815975424,weak
609765780989718528,weak
609510556077326337,none
609076644201000960,weak
609066706972110849,none
608390359023026178,weak
609640431589195777,weak
610038523580796928,none
607931517818372096,none
609192010629693442,none
608393519565275136,weak
608132917253021696,medium
608318633996099585,weak
609994040717783040,weak
609059065134768128,strong
609273182097436672,strong
610033901646544897,weak
610037672271314944,medium
609070692986847232,none
609531602482413569,none
609710086500384769,weak
609690694492549120,weak
609816952857591808,medium
608992583545696256,weak
607951390724341760,weak
609536934038368256,weak
608801746652147712,weak
608609076780625920,none
609309453045899264,none
610197661015146496,weak
610037731935285248,weak
608708086220455936,weak
609408598704128000,none
609718280618684416,weak
609081449602519041,medium
608340334267875328,none
609329602910097408,medium
609138853375406080,none
608351092469067776,none
610187469779111936,medium
609117193104703489,none
609153411007778817,weak
608240396104290304,weak
609334194964176896,none
609596979371487232,weak
608736668347039744,none
608823483720675329,none
608004081425227776,none
609050517067673600,medium
608387621509808128,none
609730725110226944,weak
609205156647862272,weak
608978570195660800,weak
609268221468749824,none
609455251675062272,none
609824775050010624,none
608629808789106688,weak
609714113837727744,none
609108415512780800,weak
609391764433162240,weak
607852030225489920,none
608697352212193280,none
609480800858451968,none
610108776717225985,none
609381652557627392,none
609487242663301120,weak
610079178499747840,none
610174526618529792,weak
609384684359843841,medium
610144803796422657,none
610039839816294400,none
608844790843756545,none
608122921433866241,none
609797662640975872,medium
609818820795047936,none
608308237876793345,none
608743563082493953,none
607907719140507648,none
609477023535366144,none
609454130642423809,weak
608694089152872448,weak
609030792719835137,weak
608538099203887104,weak
609358269530939392,weak
608665530879340544,medium
608294743861129216,medium
608194638818746369,none
609001280388890624,weak
607944780375572480,weak
609535458863882240,weak
609106938836725760,none
608221385291350016,none
609998126737395712,none
607734081380483072,weak
609416110010691584,none
609227391651610625,weak
609010331432665088,weak
609479069760114688,weak
609770471240925184,none
608743659668955137,medium
608826530513362947,none
609141582290292736,none
609752850437025792,medium
609435280202805250,weak
609463937696968704,none
609193241481756673,weak
608427371608219648,none
609531785609764865,none
608679797477240832,none
609423923076300800,none
607991513025355776,medium
610008000405864448,medium
609440238654619648,none
609346648347672576,weak
609693247980613633,medium
609174771776004096,none
609707569687310336,medium
607715038426624000,none
609426219306745856,none
608632716993671168,none
609668241783451648,none
608930885396668417,none
609933530911625216,none
608910326692745216,medium
610099516222631936,none
607996806480289794,none
609791873016705025,weak
609048367600123904,weak
607935320131182593,weak
608644136648982528,weak
609777750329716737,none
609154516286578688,weak
610073192921726976,none
608952318676086785,none
609115168610656257,none
607842281865936896,none
610016195174121472,none
609201723152986112,medium
610010188226162688,medium
608446252603154432,weak
609016082670698496,medium
609115251070652417,none
608137719945043968,medium
609306045048057856,none
610101522437947392,none
609806633129148416,medium
608257490460012544,none
610192510426550272,medium
609790106023493632,weak
609447924154638337,weak
609129483497553920,medium
608536835606757376,weak
608239541070274560,none
609091928731361283,weak
608886929225060352,medium
608677194378940416,medium
609331843431698433,none
609426996892991489,medium
609402107796426752,medium
608340636778004480,medium
608403957673795584,none
609827637540864000,strong
608700773606825984,none
609842962365849600,none
610138433202356227,none
608808402710614016,medium
608400882959568896,none
608567028987908097,none
609091527600570368,medium
608073033740222464,medium
609802428058308610,none
609122496168755201,weak
609348021697048576,weak
609358014932455425,none
607792426011353088,none
609397499237937152,none
607934124813205505,none
609274754781085697,weak
609376532847575040,none
609310835962454016,none
609616450681049088,medium
608667625007235073,medium
609739788560793601,none
610039228513316864,none
609906886268321792,medium
609831384178229248,medium
609376177929756673,none
608851445278982144,weak
607764313407774720,none
607731724869627904,weak
609204644221423616,weak
608370624520691712,none
609059063113084928,weak
609650877180321792,weak
608693451656470529,weak
608259681069481984,weak
607703839668621312,none
609073297024806912,none
608743812333236225,none
608295274767859712,weak
608012122145058816,weak
608060236398788610,weak
609009022771941376,none
608294739830546433,none
607863494323499008,none
608227876685680641,weak
609288028218097664,medium
608312114055409664,none
610001247085707264,weak
609066357519462400,none
608309862943064064,none
610029160405331968,weak
609422309418385408,none
609530456497868802,none
609436348039229440,weak
608726607314960384,none
609669241944600576,medium
607836430891667456,weak
609007341669879809,none
609842954111291393,none
608913506121957377,medium
609937088692252673,medium
608825588632170497,weak
608793539556708352,medium
608773560396423169,none
609614804198658048,none
610118077859131392,medium
609959724553867264,medium
609706869850902528,weak
607922237149081601,none
608275154184114176,medium
609412931797798912,medium
608743656854556672,weak
608678106103205888,none
608723346965061632,none
610142803545456641,none
609389812726915072,medium
609371078230712320,medium
608261869472763905,weak
608279942116147200,none
609313119110852608,none
609012633006669824,medium
607974336163680256,weak
609043198590201856,medium
609120651895558144,weak
607933443893301248,none
608064012241281025,weak
608276323354722304,none
608049895874920449,medium
609053753732300800,none
609363316989804544,none
608689261026668544,none
610069427833409536,weak
609118839331299328,none
609090257343135746,medium
609897301033795584,medium
609530595190927360,none
609544222199275522,none
608609109735288832,weak
608793837272588288,none
610160034882785280,medium
609429992766877696,none
609790100688388097,strong
609501117949460480,none
609412793192828928,none
608037914086404096,none
610152153764732928,medium
610096887572623361,weak
608090392576335874,medium
607994000952410112,medium
609587651637846016,weak
608268375924613121,medium
610125564473552896,weak
608755591729668097,weak
610026190687092736,medium
610057308580786177,weak
609117950574891008,medium
608661176919023616,weak
609140820663341056,none
609105660035223552,medium
609368203660296192,weak
609511057556697088,weak
609256342910566400,none
608157346926239744,medium
609100875580211200,medium
607893820387299328,medium
608670468141404160,medium
608867536415944704,weak
609372430713405441,none
607886462600769536,none
608110266925129728,weak
609671440405819392,none
610115685046317057,medium
609665277840601088,medium
607672568057700352,none
608358158730428416,weak
609014782168080384,medium
608900171771080704,medium
609401299533201408,none
608115051250073601,none
609167754118209537,weak
608730313926180865,none
609091715065085952,weak
607962834991874048,medium
608492957772206080,weak
609439027415150592,medium
609163243031015424,medium
608000631832338433,none
608663799760101376,none
608048156564193282,none
607842019965325312,none
609035910622130176,weak
608011368894074881,medium
608936864310001664,none
609378307008761856,weak
610109554546864128,none
609684231141388288,weak
607671137062010881,weak
607968836235567105,weak
608978707265519616,weak
609425861561962496,weak
608619173846085633,medium
609005648727175170,none
608922004243230720,none
607947733870215170,medium
610139975959638016,medium
608293943730675712,none
609173296031076353,medium
608259205745770496,none
609587527650045952,weak
609680396956094464,medium
609777980408209408,weak
608521501675917312,none
609043115090038785,medium
609442578623299586,weak
610026837767516161,none
609389952573566977,none
608086038653882368,weak
609325562600009728,weak
609427746830295040,none
609986766490234881,strong
608233688653004800,none
608793445067583488,medium
609735831494889472,none
608305741695451136,none
607955354001883136,weak
610149283095007232,weak
610178592241119232,none
609321884744871936,weak
609459968304107521,medium
609903122270560256,weak
608711214038962177,weak
609126746676404224,weak
609310805708931072,weak
607917780965445632,medium
609535460650668032,medium
608826283011796992,none
609303129251823616,medium
609148274973540352,weak
607831666866814976,none
609660004526915584,none
609335373102247936,weak
610149200228167680,none
607752298203377664,medium
609022396046147584,weak
608182381875490816,weak
608860507592880128,medium
609041315758792704,medium
609364851203416064,none
610193347400085504,weak
608812531923058688,weak
608105036997083136,weak
610156029574184960,medium
607736457869053953,medium
608986599389564928,none
610161502880821248,weak
608633602071535616,weak
609227396529692672,none
608461339418218496,weak
607844963850846208,none
609326464081756160,medium
607964035083083776,medium
609332215403646976,medium
607759279471198209,weak
608650404340097025,strong
608437318744190976,medium
608432476575428610,weak
609392254751522817,medium
609423447408521217,weak
608959948077301760,weak
610076987286142976,medium
609077811786096640,weak
609953662840999936,medium
609921977906692099,none
608607592206733313,none
608736918407290880,medium
609457426241331200,none
610133346635657216,weak
609092205400207361,weak
607950342291079168,weak
609105264273448960,none
608291519347486721,weak
609691938573406208,none
608502553949650944,weak
609166006473334784,medium
608333016226779137,none
608678374362505216,none
609465966372610048,weak
608453894889480193,none
609406798085251073,none
608045053848748032,weak
608765779908022272,medium
609516802549379073,weak
609168299084095489,medium
609436889989443585,medium
610168757990879232,weak
609705817110106114,medium
609631563597389824,medium
608996542532464642,none
609227652814274560,none
609722272824356865,weak
608638364200353792,weak
608363000991326208,none
609769228196048896,weak
608574576734445568,medium
607704118388387840,none
609040689670684672,weak
609886521202733057,strong
607970868619313152,weak
609072092961718272,weak
610060716507271169,medium
608457017951461376,none
608058267965788160,weak
608726065322815488,medium
608635050805108736,medium
608674493456748545,medium
609581122658267136,weak
609335622965272576,weak
609145619316391938,weak
610174056575463424,weak
609767455142113280,weak
608284009345482752,weak
609719151184203776,weak
609339382978383874,weak
609835924680126465,medium
609757901716983808,weak
608075085837156352,none
609189205739220992,none
608536119358173184,medium
610125815116865536,none
609824622629023745,medium
609423712886980608,weak
609117770740023296,medium
609093255385350144,weak
609410414254796800,weak
608334017499381760,none
608033933742211072,none
609507303352569857,medium
608668183528996867,weak
608166900976222208,weak
609448971455594496,none
607952153626304513,none
610113742785916928,none
607969549909147648,none
609853253212348416,medium
609748082641625090,medium
609678332033146880,weak
609716108455710720,weak
609507025555357696,weak
610082021860319232,none
610094525323870208,weak
609740595909668866,weak
609661761084522496,none
610173632506122242,weak
609156796599640065,weak
607809186446118912,weak
609891786912329728,medium
609294227235864578,weak
608236637663936512,none
608333523032920065,none
608816209128222720,weak
608914316482519040,weak
609651590291714048,weak
608681379476480000,none
609709886595821568,none
607726435009241089,none
609198527256895488,none
608337786828148736,medium
608856211795156993,none
609563617940234243,weak
608160759072190464,none
609384792644190212,none
608272439634558976,none
609878084842573824,weak
609087049220681730,medium
609714204279377920,none
607968103264317440,weak
610109943811846144,weak
608607340410101760,none
609431253964750850,medium
609061896357036033,none
609214721087176704,medium
609675246644424704,none
608875876474851328,none
609669064185659392,none
608461361748828162,none
607966134499827712,weak
610080518428717058,none
609060315804917760,weak
609341703795961856,none
608906300991393792,weak
609145970593390593,medium
609687158304186368,strong
609081221621121024,weak
609438391793524736,weak
609794393071968256,medium
608045344908275712,none
607745523404140544,none
608956039300542465,weak
610188743576825856,weak
609418674097754113,none
609062592309399553,weak
609939858744864768,none
607984494868594689,medium
610046672937328640,weak
610195859318419456,weak
608093779644588033,weak
609021765428232192,medium
608993820060037121,weak
610026547404271616,weak
609203502733201408,weak
609712726445850624,weak
608387323055775744,medium
608275747715878913,weak
609752111816024064,weak
609588530310967296,medium
609618671619690497,none
609803961030283264,weak
610114260337827840,weak
608036611000049665,none
608189886122848256,medium
609149708683116545,weak
609395048225107968,weak
609967374578642944,none
608511152272846848,none
608932066693160960,none
608038544473509888,weak
609323246543077377,none
609241462706950144,weak
608083022202732544,none
607816102773522433,medium
608568701978308608,none
608769716283310080,medium
609549263463251969,none
608917489498603520,weak
608958689970675712,none
607684720567156736,medium
609725042323140608,none
608898990420000768,medium
609358304733720576,none
609133281775194114,none
609343994515091456,none
609345905532227584,none
610089677652107264,none
608073543549485057,medium
608084126105608192,medium
609248354544013312,none
609498961242517505,weak
609267177439535104,weak
609102865911513090,none
609163165968928768,weak
608492679471767552,none
609106613375516672,strong
609329823618584576,weak
609543237435584513,medium
609007767580475392,none
609276467990667264,none
607996104332984325,weak
608257357173264385,none
609090446124552192,medium
608053415550152704,weak
609466881557299200,none
608584227811172353,none
608063741779951616,none
609520823209168896,weak
609474035286691840,weak
609738211183751168,weak
608454440048291841,medium
608880106266882048,weak
608413703072063488,weak
608302785361256448,medium
609983861649469440,strong
609773519317172224,weak
609779057014755329,none
609764863850737664,medium
609319489738387456,none
609383438026719232,none
607985981141057538,weak
608637550710898689,weak
609910906177372160,medium
609064711670349825,none
610137399297871872,weak
610100648609091586,weak
608050628133298176,none
609504112523243522,weak
609557666138996736,medium
608492412416237568,none
607815819419131904,none
608876568082018304,none
607687243315081216,weak
608282989370306561,weak
608254479088144384,none
610074722454347776,none
609365183245500416,none
609332656766124032,weak
608377721077563393,none
609718714754318337,strong
609197223897890816,medium
608325705194049536,weak
610039498806849536,medium
608437725709090816,weak
607869077034528768,none
609066076282867712,weak
609578715568189440,none
608244675691061249,strong
610141546394947584,weak
609398976769576960,none
608829969310081024,weak
607898717702647809,none
607869980349038592,none
608939260536868865,medium
608524958537498624,medium
609556070722211840,strong
609031371550380033,weak
608308723023355904,none
608264208925532160,medium
610112234329608192,weak
610022638614765571,none
608990042284011520,weak
608343274714210304,none
608008142916452353,medium
609372114555138048,weak
607932666587922432,strong
608303219131957248,none
610077399083032576,medium
609061325617160193,none
609107871389904896,weak
608986659099697152,weak
609091840600604672,medium
608859210269470720,none
609745564230619137,weak
608249996576735232,weak
608405358982365184,none
609126984266854401,weak
610094330972405761,none
608619741805084672,none
607928146877235202,medium
609331593057058816,weak
608739044500107264,weak
610123313260576770,weak
608114051386777600,medium
608079365558157312,weak
608367244926713857,weak
610197553922068480,medium
609098223647637506,strong
608311818436648960,weak
609828243168997376,none
608503112739872768,medium
608676498455818240,none
610096771746930688,none
609300383358418945,none
608838825918332930,none
609808994828447744,medium
609392645199273985,weak
609172500191268864,none
607923355514241024,none
609336880807718913,medium
609409021775319040,weak
607692022946787328,weak
609054437982633984,none
608290104466108416,weak
609543175141785600,none
609859442318946304,medium
609013501395410944,none
608987901834199042,medium
609089004961595392,weak
609258053716717569,none
608761428246458369,weak
608475853979291648,none
607870759311056896,none
610105110962774016,none
609447408955719681,none
609543754450608129,none
607864899818110976,strong
608549177325281280,weak
609861701278806016,none
609097579935227904,none
609130518823731201,none
610024842864259073,none
608980670359158784,none
607901522349793280,none
609817436037246976,none
609676499961147392,none
610086821918326784,weak
609197430945525760,weak
609450130555695104,medium
609716905881006081,medium
608012889409114112,weak
608642524253663232,medium
608671903641948161,none
609859242888155137,none
609841938032758784,weak
609408032800403456,weak
608293199141081088,none
609503055139241985,medium
608313125281124352,medium
608744463796609024,weak
609096677211934720,weak
610039133029969920,weak
608246693944008704,none
608868793817907200,weak
608355665078308865,none
610066339106037761,none
609835162935934978,weak
609786417850544131,weak
609425800643809280,none
608821945925312513,weak
607969872660807680,none
608922339695300608,strong
608130166842388480,none
609007087386030080,medium
610122298071252992,weak
608339814027542528,none
609212302668210176,medium
609745613354323968,medium
608498975277240320,none
609833834406809600,none
610078414863761408,none
608653618535792640,weak
609112604288516097,none
607689989665624064,none
610119796986900481,none
608582574978367488,none
607948738087284736,none
608370589989015552,medium
609691881065349120,weak
608079098330652672,weak
608255981710024705,medium
609565613460164608,medium
609859433687072768,medium
609785445589884928,weak
607753387296346112,weak
609865605856899072,weak
609684276569837568,medium
610167649172103168,weak
608930493980094464,weak
608994093553872897,medium
608702957048225793,medium
607758528758075392,none
608627142784626688,none
608035271104425985,weak
608218450159366144,weak
608315394324090880,medium
608751024325689345,weak
609746153916248065,weak
610059345032818689,none
608302601596108800,medium
607701474559332352,none
609880090378420224,weak
609389112848547840,medium
609749496122208256,none
608396079483219968,medium
608934123852333056,none
608887646086008832,weak
608189665473134592,medium
609065310478589952,weak
609027430624288769,weak
609707077641089025,medium
609831118938898433,medium
608236216862023680,medium
609725187072724993,medium
608697469858361345,none
609397370216955905,weak
608984503298748416,none
608507562586062848,weak
609350568184782848,none
609695864274223104,strong
609392004376752128,medium
608016923737989120,none
609174563805659136,none
608717808344551424,medium
608368332132261890,weak
609089564897103872,none
608623487222190081,none
608486045278076930,none
609096976974663681,none
608995034579513345,medium
608898979258990592,none
607965421795463170,none
607944313452961793,weak
609096135546933248,none
608778083806486528,weak
609461487598329856,weak
608084103695470592,none
608710272379830273,none
608002340445163521,none
609417069210267648,weak
609653972325019648,weak
608631201700704256,none
609533908661571584,weak
609353194469228544,none
609264867095121920,medium
610150222791077888,weak
609494609065025536,none
609171037784285184,none
609336955894169600,none
609040454978564097,none
607918950526132224,medium
608292056038051840,none
609064118478381056,none
607981697376776192,none
609205243729948673,medium
609692874322628608,none
609336908951347200,weak
608344870533627904,weak
610186146891501568,none
609194693147148288,medium
607903612879003648,none
608513952981504000,weak
610117794131234816,weak
609513872840654848,none
608756001261551616,none
610192514591490048,weak
608778182188257280,weak
608656732722765825,none
609098140860469249,none
609451247100370945,none
609135222345469952,strong
609744129879191553,medium
608387015604883456,none
609313805839937536,none
610054644753166338,weak
608493686381551616,none
609895551149064193,none
607723079561801728,none
610159859636371456,weak
608911152190513154,none
608400685646946306,weak
608885386316632066,weak
608642830144159744,none
609875289775210497,weak
609331970384990208,weak
609463998434668544,none
609916948936290304,none
607927077082439681,weak
608303336161484801,none
609669433716539392,none
608681294608760832,none
608974922342367232,medium
607921844889395200,strong
609057960225058816,medium
609789543441543168,none
608036791661137921,weak
609905865387282432,none
608964975957303296,none
608399580884029440,none
608775432268337152,weak
608554432805134337,weak
609361820944605185,none
608223286955143168,medium
609158455899852801,none
607718080798556161,weak
609803196970565632,medium
608592350848389120,medium
609991261185970176,none
608864511265751040,none
608041704625700864,weak
608593486485557249,none
609291696074047488,weak
608831084642435073,none
608144255522099204,none
608200625252405248,weak
609187692933455872,medium
608082151087697920,weak
609311963768864768,none
609409865119834112,weak
608549203262906368,weak
608997377035272193,none
609103067284316160,weak
608732854948757504,weak
609210388597612544,none
609464399292665857,none
610040226178859009,none
610103181578764291,weak
609850308974526464,weak
608369247631339520,none
609300990026731520,none
608179043440185344,none
609016454843912192,none
608672734055284736,weak
607896118433824768,none
609013281282351104,weak
609556313908072448,weak
608970723990876161,none
609453880745820160,medium
608453791227088896,none
609744570654392322,weak
609512784368398336,none
609547025491869697,none
609087596506021889,none
608831426524495872,none
609102862308810753,weak
608189539715325952,none
609469622157316097,none
608758307918979072,none
608076651583438848,weak
609121933637095424,medium
609082959254200320,none
610036476974338048,strong
608929037960892416,weak
609012177182273536,medium
608260571813847040,none
610114650974367744,weak
610042285091356672,weak
608441233330057216,weak
607846138398523393,weak
608977006907289600,weak
609023347377082370,none
610171029575610369,weak
608871314594648064,weak
608485420377231361,none
609741808038494208,medium
609030043986182144,none
609166978364735489,none
607969024173998080,none
609292460074774529,none
608411627009019904,none
609088264788697088,none
608266927161622528,weak
609374530927230977,none
609695119172837376,weak
607876423076986880,weak
609152913865355264,medium
608525869460635648,weak
608187208588263425,weak
609373932936916992,none
607937646535393280,weak
609446189352792064,none
609004486280028160,none
608127659764281344,medium
607786251542855680,none
608990853189767168,medium
608762951227592704,none
609067574425493505,none
609914433897406464,medium
609100727462461440,none
609275150790492160,weak
608804845345230848,weak
609463822261321728,none
609684456010612736,none
609047475886895104,medium
608382059070013442,none
609733291906891776,weak
609344284815421440,weak
608754781968932865,none
608358416600334337,weak
609216308941619201,weak
608733156674555904,none
608568277128900609,weak
609192014798700544,none
610192170406907904,medium
607995917808115712,none
609646419302055936,weak
608345597389770753,weak
608071041668251648,none
609402313371992064,weak
609906994145853440,weak
609596480823758849,none
608948595505639425,none
608385654184144896,none
609722161725509632,medium
608019431755673600,none
610140783618953216,none
608728306175893504,weak
608514475172458496,weak
608965686140899328,medium
609220830501933056,none
609297612852842497,medium
607946928773431297,none
610049545402228736,medium
609366071766872064,weak
609748327652044800,none
607789170455506944,none
609570815290572801,medium
608734414546284544,medium
609692463192633345,weak
608570753982865408,none
608664705666850816,none
608292679894581249,none
609457900415787009,none
609078926384766976,none
608325435773067267,none
608722692779425792,medium
609564670240948224,none
608842734204379137,none
610163727602724864,weak
609306902279925760,none
608306343468859392,none
607737360302772225,none
609338820388081664,weak
609333411749216256,medium
608974835549659136,weak
609127194648973312,none
609464972607909890,medium
609975785479245824,none
608286680986980352,none
609568386218110977,weak
609060966010097664,medium
610166079554322433,weak
607996802080501761,medium
608353759664734208,weak
609182601505583105,none
609916943106224128,none
608189080002818048,medium
608056435956662275,weak
609355750935146497,none
608640561231187968,weak
609226366035329024,none
609346987163578369,none
608610983897145344,weak
607678925410598913,weak
609805206549729281,weak
609007549094985728,none
610035478432067584,none
609357268925161472,weak
608605168368775169,none
609061514985779202,weak
607962789001297921,none
609012281486114816,none
608041535310065664,none
610155526199111683,medium
609574847849500672,none
608915599670939648,weak
610072986167545859,none
607717638043799552,weak
607978305380356096,weak
609476577265500161,medium
609559845591617536,none
609443836037873664,weak
609031620469923843,none
608031012673699840,weak
608850005366087680,medium
609342711620075520,none
608227597760241664,none
607685125346885633,none
608372626399100928,none
608823743255711744,none
609820070286610432,medium
609090124585025536,medium
609053763731480577,none
609188424050966528,none
609026400276783104,weak
609500570441924608,none
610111966905016320,none
609247404785827840,none
609472964317343744,weak
609424363360768001,medium
609651674341371904,medium
608785977528586241,none
607754715468840960,none
609694637964566528,none
609273351702511616,strong
608331071848124416,none
609392073985421313,medium
609045959062896642,none
609917929803632640,none
607789402316800000,medium
608612335972843520,weak
610177110423044096,medium
608196034297274368,none
609085499471491072,weak
609959719273279488,weak
610053872573411328,none
608654994276012033,weak
610020136465076224,medium
608475087247912960,weak
608476452657348608,none
608069448692584448,none
609056026520907776,none
610200274658029568,weak
608596870974304256,weak
609082704458604545,none
608373939237187585,none
608418809431650305,none
609344528097615872,weak
609389838010159104,weak
609440548471091201,none
608329195824021505,weak
609232543779434496,none
609648479976222721,none
608314160598904833,none
609811239372390402,strong
608732927501819904,none
609095922199490560,none
607884254660435968,none
609174033758748672,none
609414360923025408,none
610098004389965826,none
608949208549355520,medium
608573463817801728,weak
608576531456249856,medium
609473891669381120,none
608803216516640768,medium
608378092277481472,weak
609217591329095680,none
608177923074293760,none
608276363611656192,none
609731939138936832,weak
609392243074465793,none
609994100931194880,medium
609064394362880000,none
609046383253925888,medium
609999437717446657,none
608446245573517312,none
610100431155539969,weak
609777778754387968,weak
608151562477662208,weak
609986399094329344,medium
609379336811057152,none
609796227983511552,none
607931339820527617,none
608442039395565568,none
608095810635579392,none
608832303146491905,medium
608724128367923201,none
608229011572068352,weak
608975679137439744,none
609496171254394880,medium
607969291175084033,weak
607980471822262272,none
609075399239139329,weak
608115142816108544,weak
608203134087921664,none
608561452690059264,weak
609883985322332161,none
609807645285986305,weak
609173820314886144,none
608228163991281664,medium
607958694593060864,none
609469072770736128,weak
607897841969684484,weak
608925659633733632,none
609760921515347968,medium
609050527167578112,medium
609324712045494272,none
609180855152545792,none
609379081084366848,none
610111073186791424,none
609068421167353856,medium
609403555338940418,none
609488684975542272,weak
608443737014988800,none
609589434779062272,weak
609723799639040000,medium
608976882332258304,none
609994137044168704,none
608309675046674433,none
609369589303091201,weak
610101434529521666,none
607711382331518976,weak
609180565045166081,weak
608926452596273152,none
609717357347475456,medium
610117265275678720,none
608954501089927168,none
608710311407788032,none
607994787992465408,weak
610133379988623360,weak
609243749852561408,medium
608629333578670080,weak
608982095755501568,none
607859631344345089,medium
609382325483343872,none
609497843594715137,none
608865805200183296,medium
609307704520257536,weak
608230849675468800,none
609738273578049536,medium
608707065452867584,weak
609307692008632320,medium
608401807933640704,weak
607898186359967747,weak
609714574196084736,weak
609718983747588096,medium
607980967752376320,none
609748367049105409,weak
609446353605918720,none
608651141208006656,none
609887802759729152,none
608234846641520640,weak
609854038688038912,weak
608446057266180096,none
608765440299376641,weak
608798332186689536,weak
609422952451469313,none
609069630213111808,none
609392903484518401,weak
609287908063858688,weak
609378900993511425,none
607691048345665536,none
609168370177589248,none
608355408634200064,none
608793547911757824,weak
608711317952724992,weak
609008121428721665,weak
608299014270906370,none
608940189403242499,none
609228862107582465,none
608704949422276608,medium
609742270666010624,none
607674674168926209,weak
608928946227412992,none
609094033634398208,weak
607779336301768704,weak
608810937957646336,none
609490543282794496,medium
608559573297934336,medium
609004761132638208,none
609459158535041024,none
609825595833257984,none
609771945983373312,weak
608949241403310080,none
608437694272643072,weak
609799914906714112,none
609508722457636864,none
607993046907547648,none
609020052348764160,none
608086855398113280,weak
608821572829216768,none
609678083872980993,none
609691766921560064,weak
607886551423451136,none
608583540557545472,none
609186803241848832,none
609078430127271936,none
608431148805443584,none
608450645025288192,none
608488821336993792,weak
609105073319206912,medium
609238535384760320,none
609165231785295872,weak
607970640084258816,none
608975935166119936,none
608374283505516544,none
608177000780546048,weak
609714598095273984,none
609251315609391104,medium
608108610267324417,none
610115402459430914,none
608761340077838336,none
607974158765400065,weak
607901393756778496,weak
610089930442735616,none
607994015955316736,none
609261389237108736,weak
609570987324125185,weak
607750572440055809,none
608494570490458112,weak
608296208822628352,none
608022479634874368,weak
608314912620847106,weak
609065185500884992,none
609823868685938688,none
607790274266447872,none
608130161121239041,weak
608355558173884416,none
609477738756468736,weak
609737391541235712,medium
609098405126795265,weak
609815214352113664,weak
609193560244678656,none
610075846452355072,weak
610072501952073730,medium
609046813455302656,none
609178554681675776,weak
610099898210357248,weak
609259031719452672,none
608393488959455232,none
609417394759565312,weak
610174713671892992,none
609740032807727104,none
609444594619654144,none
609184100310585344,weak
610159877307125760,none
609046214554755073,none
608525952545632256,weak
609738106951049216,weak
608802106213040128,none
607713250273304576,medium
608422013439516675,weak
609505794728558592,none
609513014639726592,weak
609438729753784320,none
609036171189063680,none
609709702021316608,weak
608756156476076032,none
609455562284244994,medium
608714030937604096,medium
609788720552742912,none
609124505043111936,none
609973703527501824,none
609072877493571584,none
610179172237860864,none
609269843288698882,weak
609279307236700161,none
608706198217568256,weak
609182587848945664,weak
609196389713735680,none
609082194380922880,none
610070882866884608,none
608545798075351040,none
608465347411369985,none
609470000785682432,none
608757799783383040,weak
609044961766473729,none
608310140727488512,none
608203075459891200,none
609554729824354304,none
610006047227555840,none
609355976098058240,none
609723175824424960,weak
610099590705082368,none
608321885860950016,none
609444565993586689,weak
608737925061353473,weak
609166755819335681,weak
608327168507179008,weak
608959380839624705,weak
609337100371161088,none
610118099333967872,medium
608219767854370817,none
609320130997288960,none
609175841151561729,weak
609373370669494272,none
609520629222543360,weak
609785219307171840,none
608467338858524673,none
608288223232720896,none
607956305844633600,none
608839842747850754,weak
608283208183115776,none
609025080304148481,none
608397159608815619,none
608298780731965440,weak
609307942270169088,weak
609325546011385859,none
609958948809084928,weak
609866387469631488,none
607869505004400640,none
610114578874286080,none
608107016322564097,medium
608302646223503360,weak
608514320490754048,none
608692276458614784,weak
609475764841484288,medium
608808619338006529,none
610177406922461185,weak
609590046509940736,weak
609018023328899073,medium
609025698477568000,none
609534465925357568,none
609758047251079169,medium
609677761284829184,weak
608426607942881281,none
608960536743698432,weak
607977940085710848,none
608144241378902016,none
608038323492409345,none
607739324541620224,none
608555702286753792,none
610035233384218624,medium
607885331451510785,none
610066209795670016,none
607843399304159232,none
609360661441855488,weak
609218708775563264,none
610153496130686976,strong
607932649546481664,medium
609784717941035008,weak
608830811211747328,weak
609529784826220544,none
607987999763099648,none
609856541399711744,medium
609132090529951745,none
610076601515155456,medium
609299351853244416,medium
609366113466621952,strong
608311661007667201,none
609388454951022592,medium
607788241970982912,none
609017906559488002,weak
608694954634977280,weak
609035333854982144,none
609769482513420289,none
607994869496180736,weak
608678554977509376,none
607716338698731520,none
608622195611430912,weak
608717216758964224,weak
608217038939648001,none
609384666819375104,none
609836676190482432,none
610101313020538881,medium
609174781880090624,none
607978502730563584,none
608749345731674112,weak
608614719809814528,weak
608079697960824832,weak
609597599318867968,none
607753200792420352,none
608027220221796354,none
609854032060878848,weak
610065428958679041,none
608901864348917760,none
608532224875622400,none
607668877594497024,none
608742768882647040,none
609439825440149504,none
609447611481911296,weak
609162980723326977,none
608021987558965249,none
609358318495248384,weak
609276224490340352,none
609375205073551361,weak
607966822927876096,none
608602267604922368,none
608589467020984321,medium
607700293787254784,medium
608872557861687297,weak
609258466289561600,none
609361023200546816,none
608394863479037952,none
607730641501863937,none
610135222806544384,medium
609359991871512577,none
609796147163430912,weak
608451233129615360,none
610145453469007874,none
609305827875360768,weak
607675444834398208,none
608338587495628801,none
608680091283881986,weak
608643048088694784,none
608506976335585282,medium
609751138833985537,weak
608573742755770368,none
609764948982505472,medium
609824145258512387,none
609909387872849921,weak
609174129145737217,none
608453900782436352,none
608123922685526016,weak
610152009384259584,medium
609375696775987201,none
609457669238296576,strong
610165837824004096,medium
608648911490809856,none
608354178847653889,none
609658688425562112,strong
609360960550215680,weak
609120937263300608,none
609466403003863042,weak
609330368588685312,weak
608731140908814337,none
609108031687630848,weak
609042695865028611,none
608967176020582400,medium
608441762521214977,none
609015958817124352,weak
608121101068083200,none
607926506300440576,none
607712781928919040,none
608661403378065409,none
608844602422861824,none
608373178235240449,none
608769630841245696,medium
608398971439083524,weak
610201840836186112,none
608630970242093056,none
608881572834619392,none
609104994114109440,none
609721364879179776,none
609842833990750209,none
609058804454584320,none
609757152547356672,none
608925152672268288,none
608374042622627840,none
609042545465622528,weak
609017736065380352,none
609707061467676673,weak
608407227473502208,weak
610122117334573056,none
608732915623563264,none
607696658441322496,medium
608295235853123585,none
608531153373528064,none
608159890050301952,medium
609897096708141057,none
609173199142694912,none
608709504432226304,weak
609703914695430144,weak
609905883598974976,none
608517954842570752,none
609522980889038848,none
608834780239683584,weak
609427202581491713,none
609418584985608192,none
609385953942081537,none
608938362884472833,weak
607989895919988737,none
608170448807952386,none
607752466554343426,none
609020031767216128,medium
607864471642505216,none
610138857850470400,weak
608003647356542976,none
609003570256588801,none
609556940981710848,weak
608935192691118080,none
609247442433736704,none
609434632325566464,none
609914752081494016,weak
609519858363953152,medium
609328325723619328,none
608530959852380160,none
609215172952072192,weak
609048847629701122,none
609438802893901824,none
609222620777570304,none
609212312763920384,weak
609342074685685761,none
608759566898036736,none
608993554279620609,strong
610075345614696448,none
609725492183175170,none
608646330102079489,none
609593557163225088,none
608343728743399425,none
609323575716237313,none
608533444331753473,weak
610130594299781120,none
608819943052832768,none
607912091794702337,none
609709427793489921,weak
609446802677465088,none
608308557411426304,none
610016757638660096,medium
609957208856465408,weak
608969459185938432,weak
609157583878889472,none
608210284818399232,weak
610182681339367424,weak
608337515586666497,none
610114743416791040,none
607951701686009856,weak
609424257462968320,none
609117877095006208,strong
609079439339700226,strong
609257830160433152,medium
609379139913560064,medium
608248398769188864,medium
607880160944070656,medium
608502622983720960,none
607959208194154496,none
608329343752892418,none
608179588800344064,none
610121883267239936,none
609280252502630401,none
609079411502030848,weak
609776259493539841,medium
609952176836706304,strong
609597332263337984,medium
608909318864388098,none
609435033653350401,none
609350697184854016,none
609065667975897088,weak
608682343692386306,none
609042117088915456,weak
609416759813259264,none
609394461337079808,medium
608928271254859776,none
608491300237672448,none
609429939033665537,none
607836751726563328,medium
609586247367966721,none
608699164684222465,none
609408590269427712,weak
609725197298585600,none
609159682012368896,medium
609521664473321472,weak
607913014126342145,none
608499845926653952,medium
609831613887827968,none
608315598486011905,medium
608543072843124736,weak
609721663454904321,strong
608612879839932416,none
609101710502580224,none
608189643855654912,none
609378407961468928,medium
608539853769330688,none
609189539467370496,medium
607996271224344576,medium
609178029181505538,none
608710504148631552,none
607983455079530496,none
608546417569767424,none
609384301923188736,weak
609065665509482496,none
609039621754863616,none
608446230860038145,medium
608881377501659136,medium
608853700044578816,strong
607716707138834432,none
608648142628777985,none
610035609353211904,none
609036313598263297,weak
610031046038560768,weak
610114489455910912,none
609108422244618241,none
610013784401428481,none
608836058243977217,medium
609156582631469056,none
609521850167750656,none
608378302915473408,none
609433139870629888,none
608282722755321856,weak
608657651371630594,weak
609389979689615360,weak
609399777827160064,none
607915379084492800,none
609908275539095552,none
607985706632241152,none
609297873700696064,none
608501242621378560,medium
608046366309392384,none
609261398502322176,weak
609890265306910720,medium
608307305109680128,none
609994977335230465,none
608022481870417920,weak
609882214625492992,medium
609363305304584192,medium
609739954676174848,weak
608566657599057920,none
610020241859571712,medium
609019259398811648,weak
609281511372816384,none
608953025017839616,none
608310377143799810,none
608083491541118976,none
609174806496305152,weak
607732392023965696,none
608861677673660416,medium
608279296717778944,weak
608112531983474688,none
608309663734624257,none
609482870898458624,none
610200540585283585,medium
609371778721390593,weak
609612172470018048,strong
608189186789810177,weak
609742623117586432,none
609670572126154752,none
608476715954880512,none
608893603440697345,none
608585905083953152,none
609451387651497984,none
609725004889067520,none
608544822383792128,medium
609058163422298112,none
609448618479775744,none
610081789374242818,weak
609092969321369600,strong
607937599546793985,weak
609096498157076480,none
609009344257138688,none
610139152475000832,none
609617824483446784,none
609127121483644929,none
609098505479593984,none
609499688052502528,none
610105281801003008,none
608413197146681344,none
610151787849453569,none
608683837065854976,none
608419448341540865,weak
608495305227706368,none
609297109095972864,none
609913649684185088,none
608287544308924416,none
609382031659790336,none
609721981265575936,weak
609414842991124480,none
609265378766811137,weak
610098529286115328,none
609181533514153984,weak
609000486331674624,none
609483961719496704,none
608896007271817216,none
608750006674165760,none
608078393741971456,none
609419982137524226,none
609724526197276673,none
610114738077495296,none
608807192846848000,none
609146386085449728,none
609842486027137024,weak
609085223599546368,none
608589241136873472,none
609026298824916992,none
608332846533517312,none
609032099299876864,none
610090597089693696,weak
608117834820943872,none
608921511991349248,none
608744853707583488,none
608633923938209792,none
608719223913914369,none
608427115730485248,medium
609417622485139456,none
609706915795439616,medium
608324453999771649,none
608104024030760960,weak
609387769681563648,strong
608269589965897729,none
609359889559855105,none
609579224299536384,medium
609376622085545984,none
609815274749956097,medium
608743058839080960,none
609413131660591104,none
608931072978628608,weak
608988027684270080,none
609158684170547200,none
609489375118917632,none
607958242967363585,none
609867719849168896,weak
609257607786831872,medium
608012102163251200,weak
609010871528996864,none
610195034680328193,none
609475347684421632,medium
608353167600959488,weak
609259203849551872,none
609386634249830401,none
608715193846108162,none
609983377605668864,weak
609504474621612032,none
609147607705886720,none
609883711882985472,none
610136286582689792,none
609000195431526400,none
610173634028527616,medium
609391378045366274,none
610046784711229442,weak
608518190646312960,none
608519681897418753,none
610047940309188608,weak
608929475833790464,none
609144869076905985,medium
609797946876538880,none
609688974320345088,none
608954609625886720,none
608954752223838208,none
607675970632351744,none
609415762726518784,weak
609369111576055808,none
609847126097530880,none
608672726862053377,none
609753355557048321,weak
607912349115105280,none
608725326475218944,none
609650611177525248,strong
609749632198025216,none
609097467884396544,weak
609545754768769024,weak
609297243263344640,none
609378972003094528,none
609261820570923008,none
608386956314202113,weak
607934505995915264,none
608878008271798273,none
609078897779556353,none
609212296728985601,medium
609426217272381441,none
608362956125032448,none
609339768888000512,medium
608071418585214976,none
607955003655884800,medium
609421192043339777,strong
608932641207934976,none
609667794892931072,none
610063567530905600,medium
609389920109633536,none
609181375581663232,none
609019270438223872,none
609707078312177664,medium
609428842718085120,medium
608350375704449024,none
609980809559306240,none
609097109565001729,none
607920880132464641,weak
610174905183809537,medium
609120483993354240,weak
607875471456497664,none
609496895271079937,none
609560854716133376,medium
609336977314435072,none
607966605243326467,weak
610021006980325377,none
609186664372695040,none
609252498281472000,weak
608062482041720832,weak
609473724325195776,none
608017642037706753,none
607684375938015232,weak
608660027570835456,weak
608101205076799488,medium
609551038983475201,weak
608318580233535488,none
609808083280351232,weak
610094119478820864,none
609472777142304769,weak
608066764723863553,weak
609372816568360960,weak
608292960019607552,none
608750189298327552,none
608012739550789632,weak
609076627633545218,weak
609017236666376192,weak
609668675650523136,weak
609352048178540544,weak
609033479137935361,weak
608607809031278592,none
608393524724269059,none
609136614590279680,weak
609768712934162432,weak
608514179494998016,weak
609359618297364481,none
609322462204022784,weak
609357875358605313,none
607852746650353664,weak
609506052103622656,medium
609393521846566912,none
608641362414678016,weak
608089142132670464,none
608591877072384000,none
609974557194072065,none
608257995458420737,weak
609401746314645505,none
609335602970914817,weak
608371530612015104,none
608256883711987712,none
609234945064632320,none
608367121559633922,none
609714592076271617,weak
608568480628142080,none
609693080502013952,weak
608981819049046019,none
608888507562663936,none
607691259482918912,none
608214480477126656,weak
609171007186837504,none
609082127775191040,none
609363325760196608,none
610111244192882688,none
608946815371759616,medium
608289752438177792,weak
607984957181575169,weak
607683491581403137,none
609385956144054272,weak
609047236232785920,none
609398299926339584,none
608584579390275584,none
608563275673006080,medium
608531423629295617,none
608766038285643776,none
607892147413655552,weak
609020014147063809,weak
609402434084032513,weak
609174505269825536,weak
609337066258853888,none
610087465748197377,weak
609065588745494528,weak
609972342844997632,weak
608205068496695296,none
608418580703645697,none
608658123788791808,none
607850227786252289,none
610000850723958784,none
608686580480344064,none
609136628192444416,weak
608655118658105344,medium
608391034293338112,none
609558589485641728,weak
609517182532362241,none
608049870285508608,medium
609374100243419136,none
608726491115974656,none
609888858658983936,none
608454530393632768,none
610181757300801536,weak
610114276641083392,weak
608834568947269632,none
