607668877594497024,medium
607671137062010881,weak
607672151638876160,weak
607672568057700352,none
607673643120918529,medium
607674674168926209,medium
607675444834398208,medium
607675970632351744,none
607678925410598913,medium
607679294811144192,none
607683478751027200,medium
607683491581403137,medium
607684375938015232,medium
607684720567156736,strong
607685125346885633,none
607687243315081216,medium
607689989665624064,none
607691048345665536,medium
607691259482918912,medium
607692022946787328,none
607692463365603328,medium
607696658441322496,medium
607700276707917824,weak
607700293787254784,none
607701474559332352,medium
607703839668621312,weak
607704118388387840,strong
607707901407457280,weak
607708075353612288,none
607711382331518976,medium
607712781928919040,none
607713250273304576,medium
607715038426624000,medium
607716338698731520,medium
607716707138834432,medium
607717638043799552,medium
607717807300558849,weak
607718080798556161,weak
607723079561801728,weak
607723976702443521,weak
607724302742487041,medium
607726435009241089,weak
607726946080980992,medium
607730641501863937,none
607731724869627904,medium
607732392023965696,strong
607733281354694656,none
607733375428730880,none
607734081380483072,weak
607734256383717376,none
607736457869053953,medium
607737360302772225,weak
607739324541620224,none
607744216731688960,none
607745523404140544,weak
607745791520694272,none
607750572440055809,none
607752298203377664,medium
607752466554343426,none
607753200792420352,none
607753387296346112,medium
607754648645181440,strong
607754715468840960,none
607755510759047168,weak
607758528758075392,weak
607758807783981056,weak
607759279471198209,none
607763519409225728,none
607763964785606656,none
607764313407774720,weak
607779109524119552,medium
607779336301768704,medium
607781342131142656,medium
607785388468363264,strong
607786251542855680,none
607787910843269120,medium
607788241970982912,none
607789170455506944,none
607789402316800000,medium
607790274266447872,medium
607792426011353088,none
607794435418497024,medium
607799720585486336,none
607809186446118912,none
607810936376803328,strong
607813269454077952,none
607815819419131904,weak
607816102773522433,none
607816242519502848,strong
607816862395695104,medium
607823815104720896,weak
607824636630470656,weak
607825453404049408,none
607827108270739456,medium
607827179456614400,none
607831170428997632,none
607831666866814976,none
607834491894132736,medium
607836430891667456,weak
607836751726563328,strong
607839463230705664,none
607842019965325312,weak
607842281865936896,none
607842529640259584,strong
607843399304159232,none
607844963850846208,weak
607845023024050178,medium
607846138398523393,medium
607846687684628480,medium
607850227786252289,none
607852030225489920,none
607852350406041600,medium
607852746650353664,medium
607854609676267521,none
607856226479669248,medium
607856239750414336,none
607857368676859905,none
607859631344345089,strong
607863494323499008,weak
607864471642505216,none
607864899818110976,strong
607865098078720000,none
607867811352969216,none
607869077034528768,none
607869505004400640,none
607869933075210240,weak
607869980349038592,medium
607870383925133312,none
607870759311056896,none
607875471456497664,medium
607876423076986880,none
607877528187990016,strong
607880160944070656,medium
607881327661047808,weak
607884254660435968,medium
607885331451510785,none
607886462600769536,none
607886551423451136,none
607887551307874305,none
607888443708973056,none
607892147413655552,none
607893820387299328,strong
607896118433824768,none
607897841969684484,medium
607898186359967747,medium
607898717702647809,none
607899463743475712,none
607899486883594240,weak
607901164198330368,strong
607901393756778496,weak
607901522349793280,none
607903612879003648,medium
607907317091176448,none
607907719140507648,none
607908148540612608,none
607912091794702337,weak
607912349115105280,none
607913014126342145,medium
607913164357779456,none
607915191901290496,none
607915379084492800,none
607917393193660416,strong
607917417625296896,none
607917780965445632,medium
607918899007348737,medium
607918950526132224,medium
607920180824567809,strong
607920880132464641,strong
607921844889395200,strong
607922237149081601,medium
607923355514241024,none
607923375722209281,medium
607923549173645313,none
607925104295559168,weak
607925173098979328,none
607925299876012033,medium
607926336380792832,medium
607926506300440576,weak
607927077082439681,weak
607928146877235202,none
607930110268841985,medium
607930331228823552,weak
607931247076249600,none
607931339820527617,none
607931517818372096,none
607932371489296384,none
607932649546481664,medium
607932666587922432,strong
607932867050504192,weak
607932903671140352,none
607933443893301248,weak
607934124813205505,weak
607934505995915264,none
607935320131182593,medium
607937599546793985,weak
607937646535393280,medium
607937650905874432,none
607938456661028865,weak
607938737327083521,medium
607942788420902913,none
607944313452961793,none
607944548258422784,none
607944780375572480,none
607945451346763776,none
607946654403002368,medium
607946928773431297,medium
607947733870215170,strong
607947779441172480,none
607948159961186304,none
607948738087284736,none
607950233113198592,medium
607950342291079168,medium
607951198126260224,weak
607951390724341760,medium
607951526074679296,strong
607951603417645056,weak
607951701686009856,medium
607952153626304513,medium
607955003655884800,medium
607955354001883136,none
607956305844633600,medium
607958242967363585,none
607958694593060864,weak
607958703652880385,medium
607959208194154496,medium
607960303247097856,none
607961154741075968,none
607962789001297921,none
607962834991874048,none
607964035083083776,none
607964276897153024,medium
607965421795463170,weak
607966134499827712,medium
607966605243326467,medium
607966822927876096,medium
607968103264317440,strong
607968136843784192,none
607968621805989888,none
607968836235567105,strong
607969024173998080,medium
607969291175084033,strong
607969549909147648,none
607969872660807680,none
607970640084258816,medium
607970868619313152,none
607971554895364096,medium
607971950988685312,none
607973952040804353,strong
607974158765400065,none
607974336163680256,none
607974388223254528,none
607974405570887680,none
607974832999821312,weak
607976107904802816,strong
607976369427857408,none
607976933532573696,none
607977940085710848,none
607978305380356096,strong
607978502730563584,none
607979970208665600,weak
607980471822262272,none
607980537643278336,medium
607980967752376320,weak
607981697376776192,none
607981711767400448,none
607982650188537856,medium
607983455079530496,medium
607983601305681920,strong
607983727814307840,weak
607984494868594689,strong
607984957181575169,none
607984975724593152,none
607985092288348160,none
607985528034557952,medium
607985706632241152,strong
607985981141057538,weak
607986303393742849,medium
607987999763099648,none
607989226144169984,none
607989895919988737,weak
607990003646341121,medium
607991513025355776,strong
607993046907547648,medium
607994000952410112,medium
607994015955316736,medium
607994702214918148,none
607994787992465408,strong
607994869496180736,none
607995917808115712,none
607996104332984325,none
607996271224344576,medium
607996802080501761,medium
607996806480289794,none
607997045673193473,weak
608000631832338433,none
608002340445163521,medium
608003647356542976,none
608004081425227776,none
608004716581257216,weak
608005851601891328,none
608006352837869568,weak
608008142916452353,strong
608011368894074881,weak
608012102163251200,none
608012122145058816,medium
608012674618802177,none
608012739550789632,strong
608012889409114112,none
608014414969593856,weak
608016799829889024,weak
608016923737989120,none
608017642037706753,medium
608019431755673600,none
608021987558965249,weak
608022194828877824,medium
608022479634874368,strong
608022481870417920,medium
608022504049934337,weak
608023878925877248,none
608024469425127425,medium
608026411228524544,none
608027220221796354,strong
608027762926985216,none
608028443725430787,none
608029762460786690,strong
608029769481920512,none
608030807475617792,none
608031012673699840,medium
608032057898508288,medium
608032344356876288,strong
608033933742211072,medium
608035271104425985,none
608036256858128385,strong
608036611000049665,medium
608036791661137921,weak
608037914086404096,medium
608038323492409345,none
608038488068509696,none
608038544473509888,none
608040173805445120,none
608041436030898177,none
608041535310065664,none
608041704625700864,medium
608043028696190976,none
608043822182973440,weak
608045053848748032,medium
608045344908275712,none
608046366309392384,none
608046632639295488,medium
608048156564193282,none
608049870285508608,weak
608049895874920449,strong
608050628133298176,none
608050935869411331,weak
608053415550152704,strong
608053643300995072,medium
608056435956662275,strong
608058267965788160,medium
608058593754161152,weak
608060236398788610,weak
608062482041720832,strong
608063741779951616,none
608064012241281025,medium
608066621400178688,none
608066764723863553,strong
608069448692584448,none
608071041668251648,none
608071418585214976,medium
608073033740222464,none
608073543549485057,strong
608075085837156352,none
608076651583438848,weak
608078393741971456,none
608078819279441920,strong
608079091158384640,medium
608079098330652672,none
608079365558157312,medium
608079422520991745,strong
608079697960824832,none
608082151087697920,medium
608082154258632705,none
608083022202732544,none
608083491541118976,weak
608083866914455553,medium
608084103695470592,none
608084126105608192,strong
608085660751261696,none
608086038653882368,weak
608086855398113280,strong
608088350071881728,none
608089142132670464,medium
608090174677991425,medium
608090392576335874,strong
608091421359357952,strong
608091735626031104,strong
608093779644588033,weak
608094224995762178,none
608095168324075521,weak
608095177547202561,none
608095810635579392,medium
608096721923665921,none
608096911200022528,strong
608101205076799488,medium
608102726140989441,none
608103284239384576,weak
608104024030760960,strong
608105036997083136,none
608106524452356097,none
608107016322564097,medium
608108610267324417,medium
608110266925129728,none
608110291444887552,none
608112531983474688,medium
608114051386777600,medium
608114666959695874,weak
608115051250073601,weak
608115142816108544,weak
608117816915578880,medium
608117834820943872,none
608121101068083200,weak
608121871771430912,medium
608122623776686080,weak
608122921433866241,weak
608123922685526016,medium
608126893921964032,medium
608127659764281344,medium
608128613364416512,strong
608130161121239041,strong
608130166842388480,medium
608132917253021696,strong
608133232211705856,medium
608137719945043968,medium
608142518090227712,none
608144241378902016,weak
608144255522099204,none
608151562477662208,strong
608157346926239744,strong
608159890050301952,none
608160759072190464,none
608160801841651712,none
608166900976222208,strong
608166901714452480,none
608170448807952386,none
608177000780546048,weak
608177923074293760,none
608178186711658498,none
608179043440185344,none
608179588800344064,weak
608179756182454272,medium
608182260790140928,weak
608182381875490816,medium
608187208588263425,medium
608189080002818048,medium
608189186789810177,medium
608189539715325952,none
608189643855654912,medium
608189665473134592,strong
608189886122848256,strong
608192830108876801,none
608194638818746369,none
608196034297274368,weak
608197088577527808,none
608197096001421312,none
608199618187411456,medium
608200624568549376,none
608200625252405248,medium
608203075459891200,none
608203134087921664,none
608205068496695296,none
608206936215945216,none
608208397616480258,strong
608208614021599233,none
608210284818399232,none
608212210968629248,none
608212436030783488,medium
608212874125676544,medium
608214480477126656,medium
608217038939648001,weak
608218450159366144,none
608219767854370817,none
608221385291350016,strong
608222516096724992,strong
608223286955143168,weak
608227597760241664,none
608227876685680641,medium
608228163991281664,none
608229011572068352,strong
608230849675468800,none
608232398199898112,medium
608233688653004800,none
608234446081421312,medium
608234846641520640,weak
608236216862023680,strong
608236637663936512,medium
608239541070274560,weak
608239910160605184,medium
608240396104290304,none
608244675691061249,strong
608245509959106560,weak
608246693944008704,none
608247572902363136,none
608248398769188864,medium
608249996576735232,weak
608252791396646913,none
608253714701393920,weak
608254450801766400,none
608254479088144384,medium
608255009143328769,medium
608255725551230976,none
608255981710024705,strong
608256883711987712,weak
608257035927482368,medium
608257357173264385,none
608257490460012544,medium
608257995458420737,strong
608258383586721792,strong
608259205745770496,none
608259681069481984,none
608260571813847040,none
608261869472763905,medium
608263542765023232,weak
608264208925532160,strong
608264916844314625,weak
608266927161622528,medium
608268375924613121,none
608269410009284608,weak
608269589965897729,strong
608270100622405632,medium
608272113741533184,medium
608272439634558976,none
608274373498306560,medium
608275154184114176,medium
608275198605848577,none
608275617201549313,none
608275747715878913,strong
608276132002041856,none
608276323354722304,none
608276363611656192,none
608277862047707136,weak
608279296717778944,medium
608279708522921984,none
608279942116147200,none
608280186472288257,none
608282722755321856,medium
608282989370306561,medium
608283208183115776,none
608284009345482752,strong
608286680986980352,none
608287544308924416,strong
608288223232720896,medium
608289752438177792,strong
608289757429420032,medium
608290104466108416,medium
608290479097192448,strong
608291519347486721,medium
608292056038051840,medium
608292679894581249,weak
608292960019607552,medium
608293138348830720,weak
608293199141081088,medium
608293943730675712,weak
608294260027346944,weak
608294739830546433,medium
608294743861129216,none
608295235853123585,weak
608295274767859712,none
608296208822628352,medium
608298430130208770,none
608298780731965440,none
608299014270906370,medium
608299390260932608,none
608300300852686852,strong
608302601596108800,weak
608302646223503360,weak
608302785361256448,medium
608303219131957248,none
608303336161484801,none
608304476718514176,medium
608305741695451136,weak
608306343468859392,none
608306561669300226,medium
608307305109680128,none
608308108650246144,medium
608308237876793345,medium
608308557411426304,weak
608308723023355904,none
608309663734624257,medium
608309675046674433,none
608309862943064064,none
608310131734872064,weak
608310140727488512,weak
608310377143799810,none
608311661007667201,weak
608311818436648960,medium
608312114055409664,none
608313125281124352,medium
608313432232861696,strong
608314160598904833,none
608314912620847106,strong
608315394324090880,weak
608315579913629696,none
608315598486011905,strong
608315733286731776,medium
608316479428263936,weak
608317745503944704,medium
608318426742980608,weak
608318580233535488,medium
608318633996099585,strong
608318688849182724,none
608320918394277888,weak
608321885860950016,weak
608322449638322179,none
608323936632340481,none
608324453999771649,none
608325435773067267,none
608325705194049536,none
608326252399890435,none
608327168507179008,weak
608328978282061824,strong
608329195824021505,strong
608329343752892418,weak
608331071848124416,none
608332843408687104,none
608332846533517312,none
608333016226779137,none
608333523032920065,none
608333579823783936,none
608334017499381760,none
608337515586666497,none
608337786828148736,strong
608338587495628801,none
608339814027542528,medium
608340334267875328,none
608340636778004480,medium
608340641479815169,none
608341349398683649,weak
608343274714210304,none
608343728743399425,medium
608344088262373377,none
608344870533627904,weak
608345038788161536,none
608345597389770753,none
608347082844438530,medium
608347443823017987,medium
608348570253725699,strong
608349920286896128,weak
608350375704449024,none
608351092469067776,none
608352399279931392,strong
608353167600959488,medium
608353759664734208,medium
608354178847653889,none
608355408634200064,medium
608355417740079104,none
608355558173884416,none
608355665078308865,none
608358158730428416,none
608358416600334337,medium
608358832146903041,none
608359169398153216,none
608359409505468418,strong
608359709096181762,none
608359956925022209,medium
608360611664297984,none
608362956125032448,medium
608363000991326208,none
608363011418374144,strong
608365725540085763,strong
608367121559633922,medium
608367244926713857,none
608368332132261890,none
608369247631339520,none
608369352484786176,none
608369881109680128,none
608370528265461760,weak
608370589989015552,medium
608370624520691712,none
608371530612015104,weak
608372520555814912,none
608372594467840002,weak
608372626399100928,weak
608373178235240449,none
608373939237187585,none
608374042622627840,none
608374283505516544,none
608376229893447680,weak
608377721077563393,none
608377861293113345,none
608378092277481472,medium
608378302915473408,weak
608381884142350336,none
608382059070013442,weak
608383780311728128,none
608385260355743744,none
608385654184144896,medium
608386956314202113,medium
608387015604883456,none
608387323055775744,strong
608387621509808128,none
608390359023026178,strong
608391034293338112,medium
608392385425338368,none
608393291269324800,strong
608393488959455232,none
608393519565275136,medium
608393524724269059,weak
608394092008062976,none
608394863479037952,none
608395977628753920,none
608396079483219968,weak
608397159608815619,medium
608398971439083524,medium
608399580884029440,none
608400685646946306,weak
608400882959568896,none
608401708025184256,medium
608401807933640704,none
608403226656915456,medium
608403957673795584,strong
608405183450771456,weak
608405358982365184,none
608407080853225472,none
608407227473502208,none
608408481654259712,weak
608411514228203520,weak
608411627009019904,none
608412036247232513,medium
608413197146681344,none
608413375933095937,none
608413703072063488,none
608414317189427200,none
608414877242257410,weak
608414975074410496,none
608418580703645697,weak
608418809431650305,strong
608419448341540865,medium
608420442760691713,weak
608420835481759744,none
608422013439516675,medium
608422127583285248,medium
608425140855164930,medium
608426230203998208,medium
608426607942881281,medium
608426989444325376,medium
608427115730485248,medium
608427371608219648,none
608429784528482305,none
608431148805443584,none
608432109859037184,weak
608432476575428610,medium
608434922840162305,medium
608435251375910913,weak
608436167944605696,medium
608437318744190976,strong
608437694272643072,medium
608437725709090816,none
608441233330057216,none
608441762521214977,medium
608442039395565568,weak
608442469626187778,none
608443279361867777,weak
608443737014988800,none
608444291514515456,none
608444679806423041,none
608446057266180096,medium
608446191177740288,strong
608446230860038145,strong
608446245573517312,none
608446252603154432,medium
608447451704512514,strong
608450645025288192,none
608451233129615360,medium
608453791227088896,weak
608453894889480193,weak
608453900782436352,medium
608454440048291841,medium
608454530393632768,weak
608455807143845888,medium
608457017951461376,medium
608457556189704193,medium
608457764457844737,medium
608457797580263426,none
608458427921264641,none
608458572880576514,strong
608459594453647360,weak
608461330740355073,weak
608461339418218496,weak
608461361748828162,none
608462112193671168,medium
608463798916235264,medium
608465347411369985,medium
608465646930788352,weak
608467338858524673,none
608468880026161152,weak
608470408799617024,none
608472672570232832,none
608475087247912960,medium
608475853979291648,medium
608476232221601792,weak
608476452657348608,none
608476715954880512,strong
608477723703545857,medium
608485420377231361,medium
608486045278076930,none
608488821336993792,medium
608491300237672448,none
608491571294691329,none
608492412416237568,medium
608492679471767552,medium
608492957772206080,strong
608493686381551616,weak
608493964061233152,weak
608494570490458112,medium
608495305227706368,medium
608498975277240320,none
608499845926653952,strong
608501242621378560,medium
608502553949650944,weak
608502622983720960,weak
608503112739872768,medium
608506629114490880,medium
608506976335585282,strong
608507395258482688,strong
608507562586062848,none
608511152272846848,medium
608513952981504000,strong
608514179494998016,medium
608514320490754048,none
608514475172458496,medium
608517954842570752,weak
608518190646312960,medium
608519681897418753,none
608519965394804737,none
608521158174986242,weak
608521501675917312,none
608524958537498624,strong
608525869460635648,medium
608525952545632256,medium
608526066597175296,medium
608529062777069568,none
608530573359874049,medium
608530959852380160,none
608531153373528064,none
608531423629295617,none
608532224875622400,none
608533444331753473,medium
608536119358173184,medium
608536835606757376,strong
608537098719735808,weak
608538099203887104,medium
608539441888681984,none
608539853769330688,none
608542150196891648,none
608543072843124736,medium
608544822383792128,medium
608545798075351040,none
608546417569767424,none
608549177325281280,none
608549203262906368,none
608551961454063616,weak
608554075412520961,none
608554432805134337,medium
608555702286753792,medium
608556744512565248,none
608559573297934336,medium
608560069144289280,weak
608561452690059264,none
608563275673006080,strong
608566657599057920,none
608567028987908097,none
608568277128900609,none
608568480628142080,none
608568493743742976,weak
608568701978308608,weak
608570753982865408,none
608573463817801728,none
608573742755770368,none
608574576734445568,strong
608576531456249856,medium
608578588737200128,none
608582574978367488,none
608583540557545472,none
608584227811172353,none
608584579390275584,weak
608584896534208513,medium
608585905083953152,none
608589241136873472,medium
608589467020984321,strong
608591267073810432,strong
608591877072384000,weak
608592350848389120,weak
608592551852036096,weak
608592851358916608,none
608593486485557249,none
608596870974304256,weak
608598498850668544,strong
608600996886011904,none
608602267604922368,none
608605168368775169,none
608607340410101760,none
608607592206733313,none
608607809031278592,medium
608608158911729665,none
608609076780625920,none
608609109735288832,strong
608610983897145344,medium
608612335972843520,medium
608612879839932416,none
608614719809814528,medium
608618418158317568,none
608619173846085633,medium
608619741805084672,none
608622195611430912,none
608623487222190081,none
608623582139314176,weak
608627142784626688,none
608629333578670080,strong
608629808789106688,weak
608630087316058112,weak
608630968237236228,medium
608630970242093056,none
608631201700704256,weak
608632716993671168,none
608633602071535616,none
608633923938209792,none
608635050805108736,weak
608635282892709888,none
608635576586223616,medium
608636517972475904,strong
608637550710898689,weak
608638021785669632,none
608638056715964416,none
608638364200353792,strong
608640561231187968,medium
608641362414678016,strong
608642524253663232,weak
608642830144159744,weak
608643048088694784,weak
608644136648982528,medium
608646330102079489,none
608648142628777985,weak
608648643009077248,none
608648911490809856,weak
608649887412985858,medium
608650404340097025,strong
608651141208006656,medium
608651889958395907,medium
608652216489119744,medium
608652583733989377,medium
608653618535792640,none
608654994276012033,medium
608655118658105344,strong
608655788555513857,none
608655930763411457,none
608656732722765825,none
608657651371630594,medium
608658123788791808,medium
608658470905200640,strong
608658774769958912,none
608660027570835456,strong
608661176919023616,none
608661269068001281,medium
608661403378065409,none
608661420578721793,none
608663799760101376,weak
608664680471654401,medium
608664705666850816,none
608665031903854594,medium
608665530879340544,medium
608665622260674560,strong
608665805178339328,none
608667625007235073,medium
608668183528996867,strong
608668468603322369,none
608668649973514240,none
608670468141404160,strong
608671475709669377,none
608671903641948161,none
608672726862053377,none
608672734055284736,medium
608674006435102720,weak
608674493456748545,medium
608676019260796928,none
608676498455818240,weak
608676737682169856,none
608677194378940416,none
608678106103205888,none
608678374362505216,none
608678554977509376,medium
608679438792929280,none
608679797477240832,medium
608680091283881986,medium
608681294608760832,medium
608681379476480000,strong
608682343692386306,none
608682806609207296,medium
608683837065854976,none
608686580480344064,none
608687610630819840,strong
608687645628092416,none
608687735008841728,strong
608688782821453825,weak
608689261026668544,medium
608692276458614784,medium
608693451656470529,medium
608694089152872448,weak
608694954634977280,medium
608695020003147776,medium
608695979244703744,medium
608697352212193280,medium
608697469858361345,none
608699164684222465,none
608700141428604928,medium
608700773606825984,weak
608702923779002368,weak
608702957048225793,none
608704949422276608,medium
608706198217568256,weak
608707023258161152,none
608707065452867584,weak
608708086220455936,weak
608709504432226304,none
608710272379830273,none
608710311407788032,none
608710504148631552,none
608711214038962177,strong
608711317952724992,medium
608714030937604096,medium
608715193846108162,weak
608717216758964224,none
608717808344551424,strong
608717827470573568,medium
608719223913914369,weak
608719307183370240,strong
608720863953842179,none
608722692779425792,medium
608723346965061632,none
608724128367923201,medium
608724236035710979,medium
608724295863427072,weak
608724691491123200,weak
608725326475218944,none
608725398138933248,none
608726065322815488,medium
608726491115974656,none
608726607314960384,weak
608727096098078720,strong
608728306175893504,strong
608730313926180865,weak
608731140908814337,weak
608732854948757504,medium
608732915623563264,none
608732927501819904,weak
608733156674555904,none
608734414546284544,weak
608736668347039744,strong
608736918407290880,medium
608737925061353473,none
608739044500107264,weak
608739280559722498,none
608739407592423424,none
608741426621341696,none
608742768882647040,medium
608743058839080960,none
608743563082493953,strong
608743656854556672,medium
608743659668955137,medium
608743812333236225,none
608744232942067712,weak
608744358184108032,weak
608744463796609024,weak
608744853707583488,medium
608744891766726656,none
608747894808702978,weak
608748953123876865,strong
608749345731674112,medium
608750006674165760,none
608750189298327552,medium
608751024325689345,weak
608751950566404096,medium
608754781968932865,none
608754988211425280,medium
608755591729668097,medium
608755787540750337,medium
608756001261551616,none
608756156476076032,none
608757799783383040,strong
608758307918979072,none
608759317190221826,none
608759561541935104,none
608759566898036736,none
608761340077838336,medium
608761428246458369,none
608762127260749825,none
608762951227592704,none
608763398084546560,medium
608765440299376641,strong
608765779908022272,strong
608766038285643776,weak
608766363797102592,weak
608769630841245696,strong
608769716283310080,none
608773420562657280,none
608773560396423169,weak
608774888296333313,none
608775432268337152,none
608778083806486528,medium
608778182188257280,weak
608785977528586241,none
608788996445986818,weak
608789125005733888,none
608793445067583488,strong
608793539556708352,medium
608793547911757824,weak
608793837272588288,weak
608794125572292608,none
608794995756298241,weak
608797181496143873,none
608798332186689536,strong
608798443453046784,medium
608800877852262401,strong
608801588308656128,none
608801746652147712,none
608802106213040128,none
608803216516640768,medium
608804845345230848,medium
608807192846848000,none
608807876308676609,medium
608808402710614016,medium
608808619338006529,none
608808628695343104,medium
608808654092038145,weak
608810937957646336,none
608812531923058688,medium
608813681443545088,weak
608816209128222720,none
608819943052832768,none
608821572829216768,medium
608821945925312513,weak
608823483720675329,none
608823743255711744,none
608825588632170497,weak
608826283011796992,none
608826530513362947,medium
608827274339692544,weak
608829184497078272,none
608829969310081024,none
608830811211747328,medium
608831084642435073,weak
608831302490415106,weak
608831426524495872,weak
608832303146491905,medium
608833806125006849,none
608834560655286272,none
608834568947269632,none
608834780239683584,weak
608835084339277824,medium
608836058243977217,medium
608838825918332930,none
608839842747850754,weak
608841375753359361,weak
608842734204379137,medium
608843561140895744,medium
608844602422861824,none
608844790843756545,none
608845133551771648,none
608847404197138432,none
608848661284556800,none
608849901636694016,none
608849922255781888,medium
608850005366087680,medium
608851445278982144,weak
608852174315986944,none
608853700044578816,strong
608853917594734592,strong
608855918483255296,none
608855931552718848,weak
608856211795156993,none
608857991874412545,none
608859210269470720,none
608860507592880128,strong
608861677673660416,strong
608864511265751040,none
608865805200183296,weak
608867243720601600,strong
608867536415944704,none
608868777602580482,strong
608868793817907200,weak
608869043307687936,weak
608871314594648064,medium
608872557861687297,strong
608875876474851328,weak
608876447151869952,strong
608876568082018304,none
608878008271798273,none
608880106266882048,none
608881276049829889,medium
608881377501659136,none
608881572834619392,medium
608882627089596416,strong
608883901940035584,medium
608885386316632066,none
608886156516655104,strong
608886929225060352,medium
608887646086008832,none
608887669167374336,medium
608888507562663936,weak
608890073262751744,medium
608891444280049664,strong
608893603440697345,none
608896007271817216,medium
608897454231158784,medium
608898979258990592,none
608898990420000768,medium
608900171771080704,weak
608900311688818688,strong
608901864348917760,none
608906300991393792,weak
608908288261001216,none
608908946863222785,medium
608909318864388098,medium
608910326692745216,medium
608911152190513154,none
608911722011873280,none
608911734896795648,none
608912651922608129,none
608913506121957377,none
608914316482519040,medium
608915599670939648,strong
608917489498603520,weak
608920088545214464,strong
608921511991349248,none
608922004243230720,none
608922339695300608,medium
608925152672268288,none
608925421648908290,weak
608925659633733632,medium
608926452596273152,none
608928271254859776,none
608928946227412992,none
608929037960892416,none
608929466216230912,medium
608929475833790464,weak
608930493980094464,none
608930812382355456,none
608930885396668417,none
608931072978628608,medium
608932066693160960,weak
608932310474477568,medium
608932641207934976,weak
608934123852333056,none
608934131704168448,weak
608935192691118080,none
608936127169458176,none
608936864310001664,none
608938014669180928,medium
608938362884472833,none
608939260536868865,strong
608939490304860160,strong
608940189403242499,none
608940315593060352,none
608946815371759616,medium
608947797543403520,none
608948595505639425,none
608949208549355520,medium
608949241403310080,none
608952026102427649,weak
608952318676086785,medium
608953025017839616,weak
608954501089927168,medium
608954609625886720,none
608954752223838208,none
608955092159590400,strong
608956039300542465,none
608958689970675712,weak
608959380839624705,medium
608959948077301760,none
608960536743698432,medium
608961210290196481,medium
608963244972236800,weak
608964975957303296,none
608965686140899328,medium
608966172122476544,none
608967176020582400,none
608969459185938432,strong
608969928083935232,medium
608970436177719298,medium
608970723990876161,none
608973160625631233,medium
608974835549659136,medium
608974922342367232,medium
608975679137439744,none
608975935166119936,none
608976882332258304,none
608977006907289600,none
608977087454674944,none
608978570195660800,weak
608978707265519616,none
608980670359158784,none
608980783924178945,weak
608981819049046019,none
608982095755501568,none
608983299265019906,none
608983580157554689,weak
608984503298748416,none
608986599389564928,none
608986659099697152,none
608987901834199042,medium
608988027684270080,medium
608988326167724032,none
608989685877235712,weak
608990042284011520,none
608990849138077696,strong
608990853189767168,strong
608991534386688000,none
608992566550368256,none
608992583545696256,weak
608993554279620609,strong
608993820060037121,weak
608994093553872897,strong
608995034579513345,weak
608996542532464642,none
608997214690529280,weak
608997377035272193,medium
608997777201356800,none
608997884416110592,none
608998699541385217,none
608999590243741697,strong
608999817856069632,strong
609000195431526400,weak
609000415322103808,none
609000486331674624,weak
609001280388890624,weak
609001931663618048,none
609003570256588801,none
609004453824483328,medium
609004486280028160,none
609004674226728960,none
609004761132638208,none
609004935515021312,none
609005648727175170,weak
609007087386030080,strong
609007214792204288,none
609007341669879809,none
609007549094985728,none
609007767580475392,none
609007877752279040,strong
609008121428721665,none
609008965263982593,medium
609009022771941376,none
609009344257138688,none
609009807807385601,weak
609009920890015744,strong
609009926355218432,strong
609010331432665088,strong
609010871528996864,none
609012177182273536,none
609012281486114816,none
609012492933537794,weak
609012633006669824,none
609013281282351104,none
609013501395410944,none
609013608438185984,none
609014782168080384,strong
609014901751824384,none
609015958817124352,medium
609016082670698496,none
609016454843912192,medium
609017236666376192,strong
609017323094220800,none
609017736065380352,none
609017906559488002,none
609018023328899073,medium
609018273137610752,medium
609018662620663808,weak
609019259398811648,none
609019270438223872,none
609019851475140608,strong
609020014147063809,medium
609020031767216128,medium
609020052348764160,none
609021765428232192,medium
609021974682042368,strong
609022302257188867,medium
609022396046147584,medium
609023347377082370,none
609025080304148481,none
609025698477568000,weak
609025705297338368,medium
609026298824916992,strong
609026400276783104,none
609027430624288769,none
609027994842230784,none
609028113150836736,weak
609028812228026368,weak
609029347144552448,weak
609030043986182144,none
609030792719835137,medium
609031339204034560,none
609031371550380033,strong
609031620469923843,strong
609032006421192704,weak
609032099299876864,none
609033479137935361,medium
609034778738724864,weak
609035333854982144,none
609035658338967552,weak
609035910622130176,medium
609036171189063680,none
609036313598263297,medium
609038163751878659,medium
609039072292671488,none
609039455815634944,medium
609039621754863616,none
609039933328793600,medium
609040166855020544,none
609040454978564097,none
609040663225602049,medium
609040689670684672,none
609041315758792704,weak
609042117088915456,weak
609042545465622528,none
609042695865028611,weak
609043115090038785,medium
609043198590201856,none
609043278084726784,medium
609044148906287105,none
609044961766473729,medium
609045780947738624,none
609045959062896642,none
609046214554755073,weak
609046383253925888,strong
609046813455302656,strong
609046942233059328,strong
609047236232785920,weak
609047475886895104,weak
609048367600123904,weak
609048732416548864,none
609048847629701122,weak
609050027428683776,medium
609050239027126272,strong
609050517067673600,strong
609050527167578112,strong
609052695186518016,none
609052704766332929,weak
609053753732300800,medium
609053763731480577,none
609054437982633984,none
609056026520907776,medium
609056814819323905,none
609057586235637761,none
609057960225058816,strong
609058163422298112,none
609058804454584320,none
609059063113084928,weak
609059065134768128,strong
609060315804917760,strong
609060966010097664,medium
609061325617160193,none
609061514985779202,weak
609061896357036033,strong
609062592309399553,weak
609064118478381056,none
609064394362880000,medium
609064711670349825,none
609065185500884992,weak
609065310478589952,medium
609065588745494528,strong
609065665509482496,none
609065667975897088,medium
609066076282867712,none
609066357519462400,strong
609066706972110849,medium
609067574425493505,none
609067593450827776,weak
609067906689839104,none
609068421167353856,medium
609069630213111808,none
609070692986847232,weak
609072092961718272,weak
609072487163408386,medium
609072877493571584,medium
609072995445952512,medium
609073072285593600,none
609073297024806912,none
609074889035788289,strong
609075155248291841,strong
609075380780212224,none
609075399239139329,none
609076413186965505,none
609076627633545218,medium
609076644201000960,none
609077811786096640,medium
609078430127271936,none
609078897779556353,none
609078926384766976,medium
609079411502030848,none
609079439339700226,strong
609080295975849984,none
609081221621121024,medium
609081449602519041,strong
609081754528428032,medium
609082127775191040,none
609082194380922880,none
609082704458604545,medium
609082959254200320,medium
609085223599546368,medium
609085499471491072,medium
609085727335436290,medium
609087049220681730,strong
609087596506021889,none
609088123604201473,medium
609088264788697088,none
609089004961595392,none
609089564897103872,weak
609090124585025536,medium
609090257343135746,weak
609090446124552192,strong
609091527600570368,weak
609091715065085952,weak
609091736451858432,strong
609091840600604672,strong
609091928731361283,weak
609092205400207361,weak
609092969321369600,strong
609093255385350144,none
609094033634398208,medium
609094456327974912,strong
609095030926635011,weak
609095922199490560,none
609096135546933248,weak
609096498157076480,none
609096545263345664,medium
609096677211934720,medium
609096976974663681,none
609097109565001729,medium
609097467884396544,medium
609097579935227904,none
609098140860469249,none
609098223647637506,medium
609098225107107840,none
609098405126795265,medium
609098505479593984,none
609099154460160000,medium
609100107804504064,medium
609100135797256193,weak
609100727462461440,none
609100875580211200,strong
609101710502580224,none
609102862308810753,weak
609102865911513090,weak
609103067284316160,none
609104994114109440,none
609105073319206912,none
609105264273448960,none
609105327250894848,weak
609105660035223552,medium
609105839006343169,none
609106613375516672,strong
609106938836725760,medium
609107871389904896,strong
609108031687630848,none
609108415512780800,medium
609108422244618241,none
609109398426951680,strong
609110182573019136,none
609111061271314433,strong
609111303106535425,none
609111799007469568,weak
609112309294882818,none
609112350726193154,weak
609112604288516097,weak
609113301235195904,medium
609114651880652802,none
609115168610656257,none
609115251070652417,none
609117193104703489,none
609117770740023296,strong
609117877095006208,strong
609117950574891008,strong
609118690269745152,weak
609118839331299328,medium
609120483993354240,medium
609120651895558144,none
609120937263300608,weak
609120955705593856,medium
609121933637095424,medium
609122496168755201,none
609124505043111936,medium
609124766067240960,none
609126746676404224,medium
609126984266854401,medium
609127121483644929,none
609127194648973312,none
609128792397873153,strong
609129483497553920,none
609129764469755905,weak
609130518823731201,none
609132090529951745,weak
609133281775194114,weak
609133286724468736,strong
609134583548899328,weak
609134647600095232,medium
609134694521794561,medium
609134985812045824,weak
609135222345469952,strong
609135817450237953,none
609136614590279680,strong
609136628192444416,none
609137048344117248,none
609138853375406080,none
609140608960086018,weak
609140820663341056,none
609141582290292736,weak
609143081976266753,strong
609144869076905985,strong
609145619316391938,none
609145970593390593,medium
609146386085449728,strong
609147607705886720,weak
609148274973540352,weak
609149510359613440,medium
609149708683116545,none
609152913865355264,weak
609153411007778817,weak
609154516286578688,none
609155688451997696,weak
609156582631469056,none
609156796599640065,weak
609157583878889472,weak
609158455899852801,none
609158684170547200,medium
609159682012368896,weak
609160482717585408,none
609161129064009728,weak
609162980723326977,medium
609163165968928768,medium
609163243031015424,strong
609163485893693440,none
609164213412495360,medium
609164871465324544,medium
609165231785295872,medium
609165781381869568,strong
609166006473334784,medium
609166755819335681,medium
609166978364735489,medium
609167234984873984,weak
609167754118209537,medium
609168194884898816,none
609168299084095489,strong
609168370177589248,none
609169527713173504,none
609170557792223232,weak
609171007186837504,none
609171037784285184,none
609172500191268864,none
609173199142694912,none
609173296031076353,weak
609173820314886144,medium
609174033758748672,weak
609174129145737217,weak
609174505269825536,medium
609174563805659136,none
609174771776004096,weak
609174781880090624,none
609174806496305152,medium
609175841151561729,medium
609176670055100416,none
609176887777226752,medium
609178029181505538,strong
609178446653206529,medium
609178554681675776,strong
609179166924214272,weak
609180565045166081,medium
609180855152545792,none
609181375581663232,weak
609181533514153984,medium
609182587848945664,none
609182601505583105,weak
609183370413764608,weak
609183804180180992,weak
609184100310585344,strong
609186116974067712,none
609186132375416832,none
609186664372695040,none
609186803241848832,weak
609187692933455872,medium
609188424050966528,weak
609189205739220992,weak
609189539467370496,medium
609192010629693442,medium
609192014798700544,none
609193241481756673,medium
609193438169403392,strong
609193560244678656,weak
609194693147148288,strong
609194994700828672,medium
609196389713735680,none
609197223897890816,strong
609197430945525760,none
609197455746273280,none
609198181570772992,none
609198527256895488,medium
609199797942284288,weak
609201316099981312,medium
609201723152986112,strong
609203502733201408,none
609203900726575104,weak
609204522263650304,medium
609204644221423616,none
609205156647862272,weak
609205243729948673,strong
609207514543034369,weak
609210355345027072,none
609210388597612544,none
609212296728985601,medium
609212302668210176,medium
609212312763920384,medium
609214721087176704,strong
609215172952072192,medium
609216258819534848,none
609216308941619201,strong
609216332761010176,weak
609217416854405120,weak
609217591329095680,weak
609218708775563264,medium
609220830501933056,none
609222620777570304,medium
609223895531540481,weak
609223897507098625,weak
609224126344089600,weak
609226366035329024,weak
609227391651610625,strong
609227396529692672,none
609227652814274560,weak
609228862107582465,none
609232543779434496,none
609233749373550592,none
609234184452751362,weak
609234945064632320,strong
609238535384760320,none
609239189742350336,strong
609241462706950144,none
609243749852561408,strong
609246287850962944,weak
609246530898366464,weak
609246844749803520,none
609247404785827840,none
609247442433736704,none
609247701411217408,none
609248354544013312,strong
609251315609391104,medium
609252498281472000,none
609256342910566400,none
609256629721255936,medium
609257607786831872,medium
609257830160433152,weak
609258053716717569,none
609258466289561600,weak
609259031719452672,medium
609259203849551872,none
609261389237108736,strong
609261398502322176,strong
609261820570923008,none
609262121998778369,none
609264867095121920,weak
609265222193389568,weak
609265378766811137,medium
609266422301204480,weak
609267177439535104,strong
609267488086491136,strong
609268221468749824,none
609268986459627520,none
609269843288698882,weak
609273182097436672,weak
609273351702511616,strong
609274754781085697,weak
609275150790492160,medium
609276224490340352,none
609276467990667264,none
609276585221451776,medium
609276653928361984,none
609279307236700161,none
609279978254020609,none
609280252502630401,weak
609281511372816384,none
609284255076773888,none
609287908063858688,none
609288028218097664,medium
609289305794723840,none
609291696074047488,weak
609292460074774529,none
609294227235864578,medium
609296510879072258,none
609297109095972864,medium
609297243263344640,weak
609297612852842497,medium
609297873700696064,none
609299351853244416,strong
609300379050840065,weak
609300381286408192,medium
609300383358418945,none
609300990026731520,weak
609301246667849730,none
609303129251823616,strong
609303243831836672,none
609304002627522560,weak
609305416342765568,none
609305827875360768,medium
609306027176161280,none
609306045048057856,medium
609306902279925760,weak
609307692008632320,medium
609307704520257536,medium
609307942270169088,strong
609309453045899264,none
609310678114017281,none
609310805708931072,medium
609310835962454016,none
609311963768864768,none
609313119110852608,none
609313800920137728,none
609313805839937536,none
609314455239938048,medium
609319489738387456,medium
609319976051298304,medium
609320130997288960,none
609321136942358528,medium
609321526328848384,medium
609321884744871936,medium
609322462204022784,medium
609323246543077377,none
609323575716237313,none
609324712045494272,none
609325546011385859,medium
609325562600009728,medium
609325857816100865,none
609326464081756160,strong
609326598358220800,medium
609328325723619328,none
609328688031789056,none
609329546215591937,strong
609329602910097408,strong
609329823618584576,strong
609330368588685312,strong
609330709619195904,medium
609331127938105344,none
609331593057058816,none
609331637227229185,medium
609331843431698433,none
609331970384990208,strong
609332215403646976,medium
609332656766124032,none
609332808016896000,strong
609333411749216256,medium
609334194964176896,none
609335373102247936,medium
609335602970914817,medium
609335622965272576,weak
609336880807718913,weak
609336908951347200,strong
609336955894169600,none
609336977314435072,none
609337066258853888,none
609337100371161088,none
609337121481064448,strong
609337131698229249,medium
609338820388081664,strong
609339382978383874,medium
609339768888000512,strong
609341703795961856,none
609342074685685761,weak
609342424889081856,strong
609342621010558976,none
609342711620075520,none
609343762255478784,medium
609343994515091456,none
609344284815421440,strong
609344528097615872,medium
609344544522522626,weak
609344651015888897,medium
609345686136557568,none
609345905532227584,medium
609346648347672576,none
609346866451488768,none
609346987163578369,none
609347577272774656,none
609348021697048576,weak
609348103389487104,strong
609348760708227072,weak
609350568184782848,strong
609350697184854016,none
609351511324381184,strong
609352013676044288,weak
609352048178540544,strong
609352061986193408,none
609352183860056064,none
609353194469228544,none
609355750935146497,none
609355976098058240,weak
609356696113283072,medium
609357268925161472,strong
609357686812057600,strong
609357875358605313,none
609358014932455425,weak
609358269530939392,strong
609358304733720576,strong
609358318495248384,medium
609359531584409600,strong
609359581362327552,weak
609359618297364481,weak
609359645061287936,medium
609359889559855105,none
609359991871512577,none
609360579984236544,none
609360661441855488,strong
609360960550215680,medium
609361023200546816,none
609361152976490496,strong
609361820944605185,weak
609363305178767360,medium
609363305304584192,weak
609363313047281665,medium
609363316989804544,none
609363325760196608,none
609363331468673024,strong
609364298847141889,strong
609364812804530177,none
609364851203416064,medium
609365183245500416,none
609366071766872064,medium
609366113466621952,medium
609368203660296192,medium
609369111576055808,none
609369589303091201,weak
609371078230712320,medium
609371231289233408,medium
609371778721390593,medium
609372114555138048,none
609372430713405441,medium
609372816568360960,medium
609373370669494272,none
609373412406992896,none
609373932936916992,medium
609374100243419136,weak
609374530927230977,none
609374652096466945,weak
609375205073551361,medium
609375629637763072,medium
609375696775987201,none
609376177929756673,medium
609376532847575040,none
609376622085545984,strong
609377241349365762,none
609378307008761856,medium
609378407961468928,medium
609378900993511425,none
609378972003094528,none
609379081084366848,weak
609379139913560064,strong
609379336811057152,medium
609380211868729344,weak
609381569149698048,none
609381652557627392,none
609382031659790336,medium
609382325483343872,medium
609382418928173057,weak
609383438026719232,none
609384301923188736,strong
609384666819375104,none
609384684359843841,medium
609384792644190212,medium
609385269792538624,weak
609385953942081537,none
609385956144054272,strong
609386634249830401,weak
609387354072219648,medium
609387663678918656,none
609387769681563648,strong
609388454951022592,none
609388756953624576,medium
609389112848547840,weak
609389812726915072,strong
609389838010159104,weak
609389920109633536,strong
609389952573566977,weak
609389979689615360,medium
609390893582450688,none
609390952927596544,none
609391378045366274,none
609391614881058816,weak
609391764433162240,medium
609392004376752128,none
609392073985421313,medium
609392243074465793,none
609392254751522817,medium
609392645199273985,medium
609392903484518401,medium
609393521846566912,none
609394461337079808,none
609394765961003008,strong
609395048225107968,medium
609396021513351168,weak
609396415681445888,medium
609397314021527552,none
609397370216955905,medium
609397494280138752,weak
609397499237937152,none
609397703131459584,weak
609398299926339584,weak
609398976769576960,none
609399551292784640,medium
609399777827160064,none
609401274572886018,none
609401299533201408,none
609401746314645505,none
609402067032088576,medium
609402107796426752,none
609402313371992064,none
609402434084032513,strong
609403555338940418,medium
609403840052469760,none
609404828968574976,none
609405212021915649,none
609405358814195716,weak
609406798085251073,none
609407466368069632,weak
609408032800403456,none
609408590269427712,medium
609408598704128000,medium
609408608695123968,strong
609409021775319040,none
609409865119834112,weak
609410132938747904,none
609410414254796800,medium
609412021675757569,none
609412627886837760,none
609412793192828928,strong
609412931797798912,strong
609413131660591104,none
609413596515151872,medium
609414360923025408,medium
609414496298356736,strong
609414842991124480,medium
609415762726518784,none
609416110010691584,weak
609416373412995072,medium
609416759813259264,none
609417069210267648,none
609417394759565312,weak
609417423809302528,none
609417442893262848,weak
609417622485139456,none
609417750201675776,none
609418584985608192,none
609418648051036160,none
609418667835662336,medium
609418674097754113,strong
609418773070786560,strong
609419297832742913,strong
609419982137524226,medium
609420163994116096,weak
609420795341881344,weak
609421192043339777,strong
609422309418385408,weak
609422952451469313,none
609423419109732354,medium
609423447408521217,weak
609423712886980608,weak
609423923076300800,weak
609424257462968320,none
609424363360768001,medium
609424959631458304,strong
609425800643809280,none
609425861561962496,medium
609426217272381441,none
609426219306745856,none
609426687412056064,none
609426689467248640,medium
609426996892991489,strong
609427202581491713,none
609427746830295040,none
609428738959388672,medium
609428842718085120,medium
609429939033665537,medium
609429992766877696,strong
609431005699702784,weak
609431253964750850,none
609433139870629888,none
609433768051523585,weak
609434632325566464,none
609434692484526080,none
609435033653350401,weak
609435107829653504,medium
609435280202805250,medium
609436348039229440,none
609436889989443585,weak
609437025997991937,medium
609438391793524736,medium
609438729753784320,none
609438802893901824,medium
609438808195502081,none
609439027415150592,weak
609439825440149504,none
609440238654619648,weak
609440548471091201,none
609441395238174720,none
609441620191248384,medium
609441986840522753,none
609442578623299586,none
609443836037873664,medium
609444565993586689,medium
609444594619654144,medium
609445816009367552,none
609446189352792064,none
609446353605918720,none
609446802677465088,medium
609447408955719681,none
609447611481911296,strong
609447924154638337,weak
609447974607962113,strong
609448618479775744,none
609448869873717248,none
609448971455594496,none
609450130555695104,none
609450210599636992,none
609451247100370945,none
609451387651497984,medium
609451411055767552,none
609451868633198592,weak
609453880745820160,medium
609454047263870977,none
609454123746988032,none
609454130642423809,medium
609455251675062272,none
609455562284244994,none
609457426241331200,weak
609457669238296576,strong
609457900415787009,none
609459158535041024,none
609459968304107521,medium
609460217269633024,medium
609461455960846336,medium
609461487598329856,medium
609461675721400321,none
609462235182821376,medium
609463822261321728,none
609463937696968704,none
609463998434668544,none
609464399292665857,none
609464972607909890,strong
609465335498981376,strong
609465595835379712,none
609465966372610048,weak
609466403003863042,medium
609466881557299200,none
609468740862775297,medium
609469072770736128,medium
609469622157316097,none
609470000785682432,weak
609470479699681280,strong
609472777142304769,medium
609472964317343744,medium
609473724325195776,none
609473891669381120,weak
609474035286691840,medium
609474306461048833,none
609475347684421632,medium
609475764841484288,strong
609476271978876928,weak
609476577265500161,strong
609476770509815808,none
609477023535366144,none
609477170889625603,weak
609477738756468736,none
609478472919052288,none
609479068950638593,weak
609479069760114688,none
609479695315431425,strong
609480800858451968,weak
609482870898458624,none
609483378815975424,none
609483961719496704,none
609485950901723136,weak
609486085987680256,medium
609486090735501312,weak
609487242663301120,none
609487366697431040,none
609487571677224960,strong
609488684975542272,none
609489375118917632,none
609490543282794496,medium
609490872334458880,none
609493668412534785,medium
609494609065025536,none
609495485112385536,weak
609496171254394880,medium
609496574889185281,none
609496895271079937,weak
609496944533184513,medium
609497587075432448,medium
609497843594715137,none
609498561500315648,none
609498961242517505,weak
609499688052502528,none
609500570441924608,weak
609500679120490497,strong
609501117949460480,weak
609503055139241985,strong
609503139885117442,medium
609504112523243522,weak
609504474621612032,medium
609505492264710144,medium
609505794728558592,medium
609506052103622656,none
609507025555357696,strong
609507177200513024,none
609507303352569857,weak
609507680047243264,weak
609508722457636864,none
609508859397447680,medium
609510556077326337,medium
609510661404655616,weak
609511057556697088,weak
609511677931884544,strong
609512784368398336,medium
609513014639726592,strong
609513041890291713,strong
609513872840654848,none
609515345448169472,weak
609515781953572864,medium
609515901063417856,medium
609516802549379073,medium
609517182532362241,none
609518871779889152,medium
609519803376603136,none
609519858363953152,strong
609520629222543360,medium
609520823209168896,none
609521664473321472,strong
609521850167750656,strong
609522409096511488,none
609522980889038848,none
609524816140349441,none
609525623581745154,weak
609525884677189633,medium
609527621286789120,none
609529784826220544,weak
609530456497868802,none
609530595190927360,medium
609531602482413569,weak
609531785609764865,medium
609533908661571584,medium
609534465925357568,none
609535452782198785,medium
609535457005846528,strong
609535458863882240,strong
609535460650668032,medium
609536934038368256,medium
609539459713925120,medium
609543175141785600,weak
609543237435584513,medium
609543754450608129,weak
609544222199275522,medium
609545754768769024,weak
609546737376583681,strong
609547025491869697,strong
609548519225950209,strong
609549263463251969,none
609551038983475201,medium
609552067565363201,medium
609552667942219777,strong
609554729824354304,medium
609556070722211840,strong
609556313908072448,none
609556940981710848,none
609557666138996736,strong
609558589485641728,medium
609559845591617536,none
609560854716133376,strong
609563617940234243,strong
609564670240948224,none
609565613460164608,medium
609568386218110977,medium
609570654258511872,medium
609570815290572801,medium
609570987324125185,strong
609572216699777024,medium
609574290275610625,weak
609574847849500672,none
609576970041585664,none
609578715568189440,none
609579224299536384,weak
609581122658267136,none
609581937548615680,none
609582472741810177,medium
609586043088564224,medium
609586247367966721,none
609587527650045952,weak
609587651637846016,strong
609588530310967296,strong
609588624158556160,medium
609589434779062272,strong
609590046509940736,weak
609593557163225088,none
609594540001988609,none
609596480823758849,none
609596812123578369,strong
609596979371487232,weak
609597332263337984,medium
609597407307952128,none
609597599318867968,weak
609601116666507264,strong
609601544137375744,none
609602870577598464,weak
609605495339532288,strong
609612172470018048,strong
609614804198658048,none
609616450681049088,medium
609616995483521024,medium
609617824483446784,none
609618671619690497,none
609624019281670145,none
609631379530383360,medium
609631563597389824,strong
609636777616248832,medium
609640431589195777,medium
609643054664957952,weak
609646419302055936,medium
609648479976222721,none
609650611177525248,strong
609650877180321792,none
609651590291714048,medium
609651674341371904,weak
609653970529730560,medium
609653972325019648,none
609658688425562112,strong
609660004526915584,none
609661761084522496,none
609665277840601088,medium
609666236390207488,medium
609667794892931072,medium
609668241783451648,weak
609668675650523136,none
609669064185659392,none
609669241944600576,weak
609669433716539392,none
609669441434066944,weak
609670572126154752,none
609671440405819392,none
609671631255007232,none
609675246644424704,none
609675898254700544,none
609676499961147392,none
609676619645587456,strong
609677493440802817,medium
609677761284829184,medium
609678083872980993,weak
609678332033146880,none
609678807226843137,none
609680383479681025,none
609680396956094464,medium
609684231141388288,medium
609684276569837568,weak
609684420082180096,none
609684456010612736,weak
609685103606951936,medium
609685403788914689,medium
609687158304186368,strong
609688058372464640,strong
609688974320345088,weak
609690694492549120,none
609691766921560064,strong
609691881065349120,none
609691938573406208,medium
609692402610216961,strong
609692463192633345,medium
609692874322628608,none
609693080502013952,medium
609693247980613633,strong
609694637964566528,none
609695119172837376,medium
609695864274223104,medium
609698201214545920,none
609701774979563522,medium
609703914695430144,medium
609705101192765440,none
609705817110106114,medium
609706352617881600,weak
609706869850902528,none
609706915795439616,medium
609707061467676673,none
609707077641089025,medium
609707078312177664,none
609707093579440129,none
609707293362495488,none
609707569687310336,medium
609709427793489921,strong
609709702021316608,medium
609709886595821568,none
609710086500384769,medium
609712726445850624,none
609712897871192064,weak
609714113837727744,weak
609714204279377920,weak
609714549546196992,weak
609714574196084736,medium
609714592076271617,medium
609714598095273984,medium
609715103101902848,strong
609715615352254464,weak
609716108455710720,none
609716416887951360,medium
609716905881006081,medium
609717357347475456,weak
609718280618684416,none
609718714754318337,strong
609718983747588096,strong
609719151184203776,none
609719400283959296,strong
609721364879179776,none
609721663454904321,strong
609721981265575936,strong
609722113977663488,strong
609722161725509632,weak
609722272824356865,none
609722649149747200,strong
609723175824424960,none
609723739417219072,none
609723799639040000,strong
609724452230856704,none
609724526197276673,weak
609725004889067520,none
609725042323140608,weak
609725187072724993,medium
609725197298585600,none
609725492183175170,none
609725811403436032,weak
609726799929606144,strong
609729494220288000,none
609730725110226944,none
609731939138936832,strong
609733243785621505,strong
609733291906891776,medium
609735831494889472,none
609736534435233792,medium
609737391541235712,weak
609737571862773760,medium
609738106951049216,none
609738211183751168,none
609738273578049536,medium
609739788560793601,weak
609739954676174848,medium
609740032807727104,medium
609740595909668866,medium
609741808038494208,strong
609742270666010624,none
609742623117586432,none
609744129879191553,medium
609744570654392322,medium
609744798673539072,medium
609745328405913600,none
609745564230619137,strong
609745613354323968,medium
609746131640320000,medium
609746153916248065,medium
609747305105895424,none
609747530696552451,medium
609748082641625090,weak
609748327652044800,weak
609748367049105409,medium
609748932042838017,medium
609749496122208256,weak
609749551398916096,weak
609749577831288833,strong
609749632198025216,none
609750446912045057,none
609751138833985537,medium
609751283227074560,none
609752111816024064,strong
609752487168475136,strong
609752580567085058,medium
609752850437025792,medium
609753074949849088,medium
609753355557048321,strong
609753367154307072,medium
609757152547356672,none
609757375252201472,none
609757901716983808,medium
609758047251079169,medium
609758049490862080,none
609759582328590336,strong
609760921515347968,medium
609762654622756865,medium
609762671554990080,weak
609763459388035072,medium
609764179050893313,strong
609764863850737664,strong
609764948982505472,strong
609765780989718528,weak
609767435999289344,strong
609767455142113280,medium
609767648818278400,none
609767933913468928,weak
609768184594477056,weak
609768597351600129,medium
609768712934162432,strong
609769228196048896,weak
609769482513420289,weak
609770471240925184,none
609770716284620801,medium
609771945983373312,medium
609773071210299392,none
609773519317172224,weak
609775638912860162,none
609776259493539841,weak
609776510791102464,medium
609777448876576768,none
609777750329716737,medium
609777778754387968,none
609777980408209408,none
609779057014755329,medium
609780343680409600,none
609781041579040768,medium
609783574456184832,strong
609784377602613248,none
609784698240434176,none
609784717941035008,strong
609785219307171840,weak
609785419199197185,strong
609785445589884928,weak
609785572945563648,strong
609786417850544131,weak
609788085904084992,medium
609788720552742912,medium
609789440626683905,weak
609789543441543168,medium
609790100688388097,strong
609790106023493632,weak
609791873016705025,strong
609793111708041216,none
609793641909911554,medium
609794383710261248,none
609794393071968256,strong
609794629198815232,medium
609796147163430912,none
609796227983511552,none
609797449670995968,weak
609797459292745728,medium
609797662640975872,medium
609797672397090816,none
609797946876538880,weak
609799186419187712,none
609799914906714112,medium
609799932933992449,medium
609802428058308610,weak
609803196970565632,strong
609803432753377280,none
609803961030283264,none
609805206549729281,none
609806173907386368,strong
609806633129148416,strong
609807305291485184,none
609807645285986305,strong
609808083280351232,medium
609808994828447744,medium
609811239372390402,strong
609815214352113664,none
609815274749956097,medium
609816952857591808,medium
609817436037246976,none
609818820795047936,weak
609820070286610432,medium
609822058361524224,weak
609823868685938688,medium
609824145258512387,none
609824314775470080,none
609824622629023745,medium
609824775050010624,medium
609825595833257984,none
609826099745284096,none
609827637540864000,weak
609828243168997376,none
609831118938898433,weak
609831384178229248,medium
609831613887827968,none
609833834406809600,weak
609835162935934978,none
609835392079040513,weak
609835924680126465,strong
609836676190482432,weak
609837348797419520,weak
609840403978829824,strong
609841938032758784,medium
609842486027137024,medium
609842832082276352,none
609842833990750209,weak
609842934050066432,medium
609842954111291393,none
609842962365849600,none
609846489121169408,medium
609847126097530880,none
609847729133453312,weak
609849746618880000,medium
609850308974526464,medium
609851889212002304,weak
609853253212348416,strong
609854032060878848,strong
609854038688038912,strong
609856541399711744,strong
609857104183214080,medium
609857813762940928,medium
609858047670923265,none
609859242888155137,weak
609859433687072768,strong
609859442318946304,weak
609861701278806016,none
609865605856899072,medium
609866387469631488,medium
609867719849168896,strong
609868855863844864,medium
609873692148035584,medium
609875289775210497,medium
609875428531142656,medium
609875753778462720,medium
609878084842573824,weak
609880090378420224,medium
609881512113229825,none
609882214625492992,strong
609883711882985472,none
609883985322332161,none
609884243859103745,weak
609886521202733057,strong
609887802759729152,strong
609888858658983936,weak
609889450286559233,medium
609890265306910720,medium
609890497826525184,strong
609891786912329728,strong
609895465627160576,none
609895551149064193,weak
609897096708141057,none
609897301033795584,strong
609899436018372608,none
609901627479302144,medium
609903122270560256,strong
609905865387282432,none
609905883598974976,weak
609906886268321792,strong
609906994145853440,none
609908275539095552,weak
609909387872849921,medium
609910906177372160,strong
609913649684185088,none
609914433897406464,strong
609914752081494016,medium
609916943106224128,none
609916948936290304,none
609917929803632640,none
609921977906692099,none
609923464825307136,medium
609929955007295488,weak
609930282418880514,none
609933530911625216,none
609935186101276672,none
609937088692252673,strong
609939596466524161,weak
609939858744864768,none
609948900074520577,strong
609949762230558720,medium
609952176836706304,medium
609952184705400832,medium
609953662840999936,strong
609957208856465408,medium
609957541196492800,medium
609958948809084928,strong
609959719273279488,weak
609959724553867264,weak
609959736671358977,none
609967011951587328,strong
609967374578642944,none
609968762394120192,strong
609971043172773888,strong
609972342844997632,none
609973703527501824,medium
609973847996108800,none
609974557194072065,none
609975785479245824,none
609978625308299264,weak
609979286435463168,none
609979864469254145,strong
609980809559306240,strong
609983377605668864,strong
609983861649469440,medium
609986399094329344,strong
609986766490234881,medium
609986987873959936,none
609988792947224576,none
609989029468184576,none
609990185078624256,medium
609990980691980288,medium
609991261185970176,none
609994040717783040,medium
609994100931194880,medium
609994137044168704,none
609994229465632768,weak
609994977335230465,none
609998126737395712,none
609999437717446657,medium
610000850723958784,none
610001247085707264,strong
610006047227555840,none
610006812335697920,strong
610007794931122176,none
610008000405864448,none
610009028324925440,medium
610010188226162688,strong
610012260166189056,medium
610013784401428481,none
610015966093791232,medium
610016195174121472,medium
610016757638660096,strong
610020136465076224,strong
610020241859571712,medium
610021006980325377,strong
610021097665363968,none
610022638614765571,weak
610024842864259073,none
610025145650950144,strong
610025386852810752,medium
610026190687092736,strong
610026547404271616,weak
610026837767516161,none
610029160405331968,weak
610030285623816192,none
610031046038560768,medium
610033901646544897,medium
610034795599499264,none
610035233384218624,medium
610035364154200065,medium
610035478432067584,none
610035609353211904,none
610035650889445376,none
610036476974338048,medium
610037052470636544,medium
610037672271314944,strong
610037731935285248,medium
610038523580796928,none
610038875243872256,weak
610039133029969920,strong
610039228513316864,none
610039498806849536,medium
610039839816294400,weak
610040226178859009,none
610042285091356672,strong
610043694951985153,medium
610046672937328640,weak
610046784711229442,weak
610047021202964481,none
610047431804329984,weak
610047940309188608,medium
610049545402228736,medium
610050559899340800,medium
610052516194217985,none
610053872573411328,none
610054327739285504,none
610054644753166338,none
610056429186207744,weak
610056503626698752,none
610057308580786177,none
610059159833313281,none
610059345032818689,none
610059413173342208,none
610060313141059584,none
610060716507271169,none
610061903503556608,weak
610062301585108992,medium
610062399408726018,strong
610063063685795840,medium
610063567530905600,medium
610065075462930432,medium
610065428958679041,none
610066209795670016,weak
610066339106037761,medium
610069022726594560,medium
610069427833409536,weak
610070148876251136,strong
610070227976617984,strong
610070882866884608,none
610072501952073730,strong
610072986167545859,none
610073192921726976,weak
610074722454347776,weak
610075345614696448,none
610075776856260608,none
610075846452355072,medium
610076601515155456,medium
610076987286142976,medium
610077399083032576,medium
610078414863761408,weak
610079178499747840,weak
610080518428717058,none
610080518453891072,none
610080645373665281,none
610081789374242818,weak
610082021860319232,weak
610082540766937089,strong
610083910530281472,none
610084560383180800,none
610085445339361280,none
610085634007392258,none
610086821918326784,none
610087465748197377,medium
610088208081285120,strong
610089560253571072,medium
610089677652107264,none
610089930442735616,none
610090465581498368,medium
610090597089693696,medium
610092081223221248,none
610094119478820864,none
610094173274931200,strong
610094330972405761,strong
610094370927300609,none
610094525323870208,none
610094844204163072,medium
610096516888444928,none
610096771746930688,none
610096887572623361,weak
610098004389965826,none
610098444045303808,medium
610098529286115328,none
610099516222631936,none
610099590705082368,none
610099673324462080,none
610099898210357248,weak
610100077739278336,medium
610100431155539969,medium
610100648609091586,medium
610101313020538881,none
610101434529521666,weak
610101522437947392,none
610102406408482817,medium
610102869585494016,medium
610103164176433152,medium
610103181578764291,weak
610103301804326912,weak
610105110962774016,weak
610105281801003008,weak
610106682149072896,none
610108776717225985,none
610109231656779776,strong
610109554546864128,weak
610109690018701312,strong
610109743022129152,none
610109943811846144,medium
610110749961228290,none
610111073186791424,none
610111244192882688,weak
610111966905016320,weak
610112234329608192,strong
610113742785916928,none
610113852949270529,weak
610114260337827840,none
610114276641083392,medium
610114423794081792,none
610114489455910912,none
610114578874286080,none
610114650974367744,medium
610114738077495296,none
610114743416791040,weak
610115402459430914,medium
610115685046317057,strong
610117265275678720,weak
610117794131234816,none
610118077859131392,none
610118099333967872,medium
610118263717019649,medium
610119796986900481,none
610121807354568704,medium
610121883267239936,medium
610122117334573056,none
610122293474299904,weak
610122298071252992,medium
610123313260576770,medium
610125564473552896,none
610125815116865536,none
610125845512986624,weak
610126144763891712,medium
610128599002259456,none
610129612803158016,weak
610130594299781120,medium
610131270757163010,none
610131998225477632,none
610132177427267584,none
610133346635657216,medium
610133370731794432,strong
610133379988623360,medium
610134677928714240,weak
610135222806544384,strong
610135600008564737,none
610136286582689792,weak
610137399297871872,none
610138433202356227,strong
610138857850470400,medium
610139152475000832,medium
610139975959638016,medium
610140783618953216,weak
610140931157659648,strong
610141266114965504,none
610141546394947584,weak
610142501702402048,medium
610142803545456641,medium
610144803796422657,none
610145453469007874,none
610146104840187904,weak
610148974670942208,none
610149200228167680,none
610149283095007232,strong
610149872059195392,medium
610149967978565633,strong
610150222791077888,medium
610151787849453569,weak
610152000295202818,weak
610152009384259584,medium
610152153764732928,none
610152342521028609,none
610152495176810496,weak
610153496130686976,strong
610155526199111683,weak
610156029574184960,strong
610156894007787521,none
610157286464618499,weak
610158544428478464,none
610159802644340736,medium
610159803571302400,none
610159859636371456,none
610159877307125760,weak
610160034882785280,weak
610161502880821248,medium
610162691265667073,weak
610163727602724864,none
610165837824004096,strong
610166079554322433,medium
610167649172103168,medium
610168057957359617,none
610168646376267776,none
610168757990879232,weak
610168761862201344,weak
610171029575610369,strong
610172382351745024,weak
610173632506122242,medium
610173634028527616,medium
610173644417970176,none
610173844561788928,none
610174056575463424,weak
610174526618529792,strong
610174713671892992,medium
610174905183809537,strong
610177110423044096,strong
610177242782679040,none
610177406922461185,medium
610178592241119232,weak
610179172237860864,none
610180155814903808,none
610181757300801536,strong
610182681339367424,strong
610186146891501568,medium
610187469779111936,weak
610188743576825856,none
610190069928865792,none
610190266885099521,none
610192170406907904,medium
610192510426550272,strong
610192514591490048,medium
610192856217747456,none
610193126091788288,none
610193347400085504,none
610195034680328193,none
610195859318419456,medium
610195874623438848,medium
610197124387463168,medium
610197224828600320,none
610197553922068480,medium
610197661015146496,medium
610199605456838656,medium
610200047951609857,none
610200274658029568,medium
610200540585283585,weak
610201503752658944,strong
610201840836186112,none
610205028792598529,weak
