607668877594497024,clickbait
607671137062010881,no-clickbait
607672151638876160,no-clickbait
607672568057700352,no-clickbait
607673643120918529,no-clickbait
607674674168926209,no-clickbait
607675444834398208,no-clickbait
607675970632351744,no-clickbait
607678925410598913,clickbait
607679294811144192,no-clickbait
607683478751027200,clickbait
607683491581403137,no-clickbait
607684375938015232,clickbait
607684720567156736,clickbait
607685125346885633,no-clickbait
607687243315081216,clickbait
607689989665624064,no-clickbait
607691048345665536,no-clickbait
607691259482918912,clickbait
607692022946787328,no-clickbait
607692463365603328,no-clickbait
607696658441322496,clickbait
607700276707917824,no-clickbait
607700293787254784,no-clickbait
607701474559332352,no-clickbait
607703839668621312,no-clickbait
607704118388387840,no-clickbait
607707901407457280,no-clickbait
607708075353612288,no-clickbait
607711382331518976,clickbait
607712781928919040,no-clickbait
607713250273304576,clickbait
607715038426624000,no-clickbait
607716338698731520,no-clickbait
607716707138834432,no-clickbait
607717638043799552,no-clickbait
607717807300558849,no-clickbait
607718080798556161,no-clickbait
607723079561801728,no-clickbait
607723976702443521,no-clickbait
607724302742487041,no-clickbait
607726435009241089,no-clickbait
607726946080980992,clickbait
607730641501863937,no-clickbait
607731724869627904,no-clickbait
607732392023965696,clickbait
607733281354694656,no-clickbait
607733375428730880,no-clickbait
607734081380483072,no-clickbait
607734256383717376,no-clickbait
607736457869053953,clickbait
607737360302772225,no-clickbait
607739324541620224,no-clickbait
607744216731688960,no-clickbait
607745523404140544,no-clickbait
607745791520694272,no-clickbait
607750572440055809,no-clickbait
607752298203377664,clickbait
607752466554343426,no-clickbait
607753200792420352,no-clickbait
607753387296346112,clickbait
607754648645181440,clickbait
607754715468840960,no-clickbait
607755510759047168,no-clickbait
607758528758075392,no-clickbait
607758807783981056,no-clickbait
607759279471198209,no-clickbait
607763519409225728,no-clickbait
607763964785606656,no-clickbait
607764313407774720,no-clickbait
607779109524119552,no-clickbait
607779336301768704,clickbait
607781342131142656,clickbait
607785388468363264,no-clickbait
607786251542855680,no-clickbait
607787910843269120,no-clickbait
607788241970982912,no-clickbait
607789170455506944,no-clickbait
607789402316800000,clickbait
607790274266447872,clickbait
607792426011353088,no-clickbait
607794435418497024,clickbait
607799720585486336,no-clickbait
607809186446118912,no-clickbait
607810936376803328,no-clickbait
607813269454077952,no-clickbait
607815819419131904,no-clickbait
607816102773522433,no-clickbait
607816242519502848,no-clickbait
607816862395695104,clickbait
607823815104720896,no-clickbait
607824636630470656,clickbait
607825453404049408,no-clickbait
607827108270739456,no-clickbait
607827179456614400,no-clickbait
607831170428997632,no-clickbait
607831666866814976,no-clickbait
607834491894132736,clickbait
607836430891667456,no-clickbait
607836751726563328,clickbait
607839463230705664,no-clickbait
607842019965325312,no-clickbait
607842281865936896,no-clickbait
607842529640259584,clickbait
607843399304159232,no-clickbait
607844963850846208,no-clickbait
607845023024050178,no-clickbait
607846138398523393,no-clickbait
607846687684628480,no-clickbait
607850227786252289,no-clickbait
607852030225489920,no-clickbait
607852350406041600,no-clickbait
607852746650353664,clickbait
607854609676267521,no-clickbait
607856226479669248,no-clickbait
607856239750414336,no-clickbait
607857368676859905,no-clickbait
607859631344345089,clickbait
607863494323499008,no-clickbait
607864471642505216,no-clickbait
607864899818110976,clickbait
607865098078720000,no-clickbait
607867811352969216,no-clickbait
607869077034528768,no-clickbait
607869505004400640,no-clickbait
607869933075210240,no-clickbait
607869980349038592,no-clickbait
607870383925133312,no-clickbait
607870759311056896,no-clickbait
607875471456497664,no-clickbait
607876423076986880,no-clickbait
607877528187990016,clickbait
607880160944070656,clickbait
607881327661047808,no-clickbait
607884254660435968,no-clickbait
607885331451510785,no-clickbait
607886462600769536,no-clickbait
607886551423451136,no-clickbait
607887551307874305,no-clickbait
607888443708973056,no-clickbait
607892147413655552,no-clickbait
607893820387299328,clickbait
607896118433824768,no-clickbait
607897841969684484,no-clickbait
607898186359967747,clickbait
607898717702647809,no-clickbait
607899463743475712,no-clickbait
607899486883594240,no-clickbait
607901164198330368,clickbait
607901393756778496,no-clickbait
607901522349793280,no-clickbait
607903612879003648,no-clickbait
607907317091176448,no-clickbait
607907719140507648,no-clickbait
607908148540612608,no-clickbait
607912091794702337,no-clickbait
607912349115105280,no-clickbait
607913014126342145,clickbait
607913164357779456,no-clickbait
607915191901290496,no-clickbait
607915379084492800,no-clickbait
607917393193660416,no-clickbait
607917417625296896,no-clickbait
607917780965445632,clickbait
607918899007348737,clickbait
607918950526132224,clickbait
607920180824567809,no-clickbait
607920880132464641,clickbait
607921844889395200,clickbait
607922237149081601,no-clickbait
607923355514241024,no-clickbait
607923375722209281,clickbait
607923549173645313,no-clickbait
607925104295559168,no-clickbait
607925173098979328,no-clickbait
607925299876012033,no-clickbait
607926336380792832,no-clickbait
607926506300440576,no-clickbait
607927077082439681,no-clickbait
607928146877235202,no-clickbait
607930110268841985,clickbait
607930331228823552,no-clickbait
607931247076249600,no-clickbait
607931339820527617,no-clickbait
607931517818372096,no-clickbait
607932371489296384,no-clickbait
607932649546481664,clickbait
607932666587922432,clickbait
607932867050504192,no-clickbait
607932903671140352,no-clickbait
607933443893301248,no-clickbait
607934124813205505,no-clickbait
607934505995915264,no-clickbait
607935320131182593,no-clickbait
607937599546793985,no-clickbait
607937646535393280,no-clickbait
607937650905874432,no-clickbait
607938456661028865,no-clickbait
607938737327083521,no-clickbait
607942788420902913,no-clickbait
607944313452961793,no-clickbait
607944548258422784,no-clickbait
607944780375572480,no-clickbait
607945451346763776,no-clickbait
607946654403002368,no-clickbait
607946928773431297,no-clickbait
607947733870215170,clickbait
607947779441172480,no-clickbait
607948159961186304,no-clickbait
607948738087284736,no-clickbait
607950233113198592,no-clickbait
607950342291079168,no-clickbait
607951198126260224,no-clickbait
607951390724341760,no-clickbait
607951526074679296,no-clickbait
607951603417645056,no-clickbait
607951701686009856,clickbait
607952153626304513,no-clickbait
607955003655884800,clickbait
607955354001883136,no-clickbait
607956305844633600,no-clickbait
607958242967363585,no-clickbait
607958694593060864,no-clickbait
607958703652880385,no-clickbait
607959208194154496,no-clickbait
607960303247097856,no-clickbait
607961154741075968,no-clickbait
607962789001297921,no-clickbait
607962834991874048,no-clickbait
607964035083083776,no-clickbait
607964276897153024,no-clickbait
607965421795463170,no-clickbait
607966134499827712,no-clickbait
607966605243326467,clickbait
607966822927876096,clickbait
607968103264317440,no-clickbait
607968136843784192,no-clickbait
607968621805989888,no-clickbait
607968836235567105,no-clickbait
607969024173998080,clickbait
607969291175084033,no-clickbait
607969549909147648,no-clickbait
607969872660807680,no-clickbait
607970640084258816,no-clickbait
607970868619313152,no-clickbait
607971554895364096,no-clickbait
607971950988685312,no-clickbait
607973952040804353,clickbait
607974158765400065,no-clickbait
607974336163680256,no-clickbait
607974388223254528,no-clickbait
607974405570887680,no-clickbait
607974832999821312,no-clickbait
607976107904802816,no-clickbait
607976369427857408,no-clickbait
607976933532573696,clickbait
607977940085710848,no-clickbait
607978305380356096,clickbait
607978502730563584,no-clickbait
607979970208665600,no-clickbait
607980471822262272,no-clickbait
607980537643278336,clickbait
607980967752376320,no-clickbait
607981697376776192,no-clickbait
607981711767400448,no-clickbait
607982650188537856,no-clickbait
607983455079530496,no-clickbait
607983601305681920,clickbait
607983727814307840,clickbait
607984494868594689,clickbait
607984957181575169,no-clickbait
607984975724593152,no-clickbait
607985092288348160,no-clickbait
607985528034557952,clickbait
607985706632241152,no-clickbait
607985981141057538,no-clickbait
607986303393742849,no-clickbait
607987999763099648,no-clickbait
607989226144169984,no-clickbait
607989895919988737,no-clickbait
607990003646341121,no-clickbait
607991513025355776,clickbait
607993046907547648,no-clickbait
607994000952410112,clickbait
607994015955316736,clickbait
607994702214918148,no-clickbait
607994787992465408,no-clickbait
607994869496180736,no-clickbait
607995917808115712,no-clickbait
607996104332984325,no-clickbait
607996271224344576,clickbait
607996802080501761,clickbait
607996806480289794,no-clickbait
607997045673193473,no-clickbait
608000631832338433,no-clickbait
608002340445163521,clickbait
608003647356542976,no-clickbait
608004081425227776,no-clickbait
608004716581257216,no-clickbait
608005851601891328,no-clickbait
608006352837869568,no-clickbait
608008142916452353,clickbait
608011368894074881,clickbait
608012102163251200,no-clickbait
608012122145058816,no-clickbait
608012674618802177,no-clickbait
608012739550789632,clickbait
608012889409114112,no-clickbait
608014414969593856,no-clickbait
608016799829889024,no-clickbait
608016923737989120,no-clickbait
608017642037706753,clickbait
608019431755673600,no-clickbait
608021987558965249,no-clickbait
608022194828877824,clickbait
608022479634874368,no-clickbait
608022481870417920,no-clickbait
608022504049934337,no-clickbait
608023878925877248,no-clickbait
608024469425127425,clickbait
608026411228524544,no-clickbait
608027220221796354,no-clickbait
608027762926985216,no-clickbait
608028443725430787,no-clickbait
608029762460786690,clickbait
608029769481920512,no-clickbait
608030807475617792,no-clickbait
608031012673699840,no-clickbait
608032057898508288,no-clickbait
608032344356876288,clickbait
608033933742211072,no-clickbait
608035271104425985,no-clickbait
608036256858128385,no-clickbait
608036611000049665,no-clickbait
608036791661137921,no-clickbait
608037914086404096,no-clickbait
608038323492409345,no-clickbait
608038488068509696,no-clickbait
608038544473509888,no-clickbait
608040173805445120,no-clickbait
608041436030898177,no-clickbait
608041535310065664,no-clickbait
608041704625700864,clickbait
608043028696190976,no-clickbait
608043822182973440,no-clickbait
608045053848748032,no-clickbait
608045344908275712,no-clickbait
608046366309392384,no-clickbait
608046632639295488,no-clickbait
608048156564193282,no-clickbait
608049870285508608,no-clickbait
608049895874920449,clickbait
608050628133298176,no-clickbait
608050935869411331,no-clickbait
608053415550152704,clickbait
608053643300995072,clickbait
608056435956662275,no-clickbait
608058267965788160,clickbait
608058593754161152,no-clickbait
608060236398788610,no-clickbait
608062482041720832,clickbait
608063741779951616,no-clickbait
608064012241281025,no-clickbait
608066621400178688,no-clickbait
608066764723863553,no-clickbait
608069448692584448,no-clickbait
608071041668251648,no-clickbait
608071418585214976,no-clickbait
608073033740222464,no-clickbait
608073543549485057,clickbait
608075085837156352,no-clickbait
608076651583438848,no-clickbait
608078393741971456,no-clickbait
608078819279441920,no-clickbait
608079091158384640,clickbait
608079098330652672,no-clickbait
608079365558157312,clickbait
608079422520991745,no-clickbait
608079697960824832,no-clickbait
608082151087697920,clickbait
608082154258632705,no-clickbait
608083022202732544,no-clickbait
608083491541118976,no-clickbait
608083866914455553,clickbait
608084103695470592,no-clickbait
608084126105608192,clickbait
608085660751261696,no-clickbait
608086038653882368,no-clickbait
608086855398113280,clickbait
608088350071881728,no-clickbait
608089142132670464,no-clickbait
608090174677991425,no-clickbait
608090392576335874,clickbait
608091421359357952,clickbait
608091735626031104,clickbait
608093779644588033,no-clickbait
608094224995762178,no-clickbait
608095168324075521,no-clickbait
608095177547202561,no-clickbait
608095810635579392,no-clickbait
608096721923665921,no-clickbait
608096911200022528,clickbait
608101205076799488,clickbait
608102726140989441,no-clickbait
608103284239384576,no-clickbait
608104024030760960,clickbait
608105036997083136,no-clickbait
608106524452356097,no-clickbait
608107016322564097,clickbait
608108610267324417,clickbait
608110266925129728,no-clickbait
608110291444887552,no-clickbait
608112531983474688,no-clickbait
608114051386777600,clickbait
608114666959695874,no-clickbait
608115051250073601,no-clickbait
608115142816108544,no-clickbait
608117816915578880,no-clickbait
608117834820943872,no-clickbait
608121101068083200,no-clickbait
608121871771430912,no-clickbait
608122623776686080,no-clickbait
608122921433866241,no-clickbait
608123922685526016,clickbait
608126893921964032,no-clickbait
608127659764281344,clickbait
608128613364416512,clickbait
608130161121239041,no-clickbait
608130166842388480,no-clickbait
608132917253021696,clickbait
608133232211705856,clickbait
608137719945043968,clickbait
608142518090227712,no-clickbait
608144241378902016,no-clickbait
608144255522099204,no-clickbait
608151562477662208,clickbait
608157346926239744,clickbait
608159890050301952,clickbait
608160759072190464,no-clickbait
608160801841651712,no-clickbait
608166900976222208,no-clickbait
608166901714452480,no-clickbait
608170448807952386,no-clickbait
608177000780546048,no-clickbait
608177923074293760,no-clickbait
608178186711658498,no-clickbait
608179043440185344,no-clickbait
608179588800344064,no-clickbait
608179756182454272,no-clickbait
608182260790140928,no-clickbait
608182381875490816,no-clickbait
608187208588263425,clickbait
608189080002818048,clickbait
608189186789810177,no-clickbait
608189539715325952,no-clickbait
608189643855654912,no-clickbait
608189665473134592,clickbait
608189886122848256,clickbait
608192830108876801,no-clickbait
608194638818746369,no-clickbait
608196034297274368,no-clickbait
608197088577527808,no-clickbait
608197096001421312,no-clickbait
608199618187411456,no-clickbait
608200624568549376,no-clickbait
608200625252405248,clickbait
608203075459891200,no-clickbait
608203134087921664,no-clickbait
608205068496695296,no-clickbait
608206936215945216,no-clickbait
608208397616480258,no-clickbait
608208614021599233,no-clickbait
608210284818399232,no-clickbait
608212210968629248,no-clickbait
608212436030783488,no-clickbait
608212874125676544,clickbait
608214480477126656,no-clickbait
608217038939648001,no-clickbait
608218450159366144,no-clickbait
608219767854370817,no-clickbait
608221385291350016,clickbait
608222516096724992,clickbait
608223286955143168,no-clickbait
608227597760241664,no-clickbait
608227876685680641,no-clickbait
608228163991281664,no-clickbait
608229011572068352,clickbait
608230849675468800,no-clickbait
608232398199898112,clickbait
608233688653004800,no-clickbait
608234446081421312,clickbait
608234846641520640,no-clickbait
608236216862023680,clickbait
608236637663936512,no-clickbait
608239541070274560,no-clickbait
608239910160605184,no-clickbait
608240396104290304,no-clickbait
608244675691061249,clickbait
608245509959106560,no-clickbait
608246693944008704,no-clickbait
608247572902363136,no-clickbait
608248398769188864,clickbait
608249996576735232,no-clickbait
608252791396646913,no-clickbait
608253714701393920,no-clickbait
608254450801766400,no-clickbait
608254479088144384,no-clickbait
608255009143328769,no-clickbait
608255725551230976,no-clickbait
608255981710024705,clickbait
608256883711987712,no-clickbait
608257035927482368,no-clickbait
608257357173264385,no-clickbait
608257490460012544,no-clickbait
608257995458420737,clickbait
608258383586721792,clickbait
608259205745770496,no-clickbait
608259681069481984,no-clickbait
608260571813847040,no-clickbait
608261869472763905,clickbait
608263542765023232,no-clickbait
608264208925532160,clickbait
608264916844314625,no-clickbait
608266927161622528,clickbait
608268375924613121,no-clickbait
608269410009284608,no-clickbait
608269589965897729,no-clickbait
608270100622405632,clickbait
608272113741533184,no-clickbait
608272439634558976,no-clickbait
608274373498306560,no-clickbait
608275154184114176,clickbait
608275198605848577,no-clickbait
608275617201549313,no-clickbait
608275747715878913,no-clickbait
608276132002041856,no-clickbait
608276323354722304,no-clickbait
608276363611656192,no-clickbait
608277862047707136,no-clickbait
608279296717778944,clickbait
608279708522921984,no-clickbait
608279942116147200,no-clickbait
608280186472288257,no-clickbait
608282722755321856,clickbait
608282989370306561,no-clickbait
608283208183115776,no-clickbait
608284009345482752,no-clickbait
608286680986980352,no-clickbait
608287544308924416,no-clickbait
608288223232720896,clickbait
608289752438177792,clickbait
608289757429420032,no-clickbait
608290104466108416,no-clickbait
608290479097192448,no-clickbait
608291519347486721,no-clickbait
608292056038051840,no-clickbait
608292679894581249,no-clickbait
608292960019607552,no-clickbait
608293138348830720,no-clickbait
608293199141081088,no-clickbait
608293943730675712,no-clickbait
608294260027346944,no-clickbait
608294739830546433,no-clickbait
608294743861129216,no-clickbait
608295235853123585,no-clickbait
608295274767859712,no-clickbait
608296208822628352,no-clickbait
608298430130208770,no-clickbait
608298780731965440,no-clickbait
608299014270906370,clickbait
608299390260932608,no-clickbait
608300300852686852,no-clickbait
608302601596108800,clickbait
608302646223503360,no-clickbait
608302785361256448,clickbait
608303219131957248,no-clickbait
608303336161484801,no-clickbait
608304476718514176,clickbait
608305741695451136,no-clickbait
608306343468859392,no-clickbait
608306561669300226,no-clickbait
608307305109680128,no-clickbait
608308108650246144,no-clickbait
608308237876793345,no-clickbait
608308557411426304,no-clickbait
608308723023355904,no-clickbait
608309663734624257,no-clickbait
608309675046674433,no-clickbait
608309862943064064,no-clickbait
608310131734872064,no-clickbait
608310140727488512,no-clickbait
608310377143799810,no-clickbait
608311661007667201,no-clickbait
608311818436648960,no-clickbait
608312114055409664,no-clickbait
608313125281124352,clickbait
608313432232861696,no-clickbait
608314160598904833,no-clickbait
608314912620847106,no-clickbait
608315394324090880,clickbait
608315579913629696,no-clickbait
608315598486011905,clickbait
608315733286731776,clickbait
608316479428263936,no-clickbait
608317745503944704,clickbait
608318426742980608,no-clickbait
608318580233535488,no-clickbait
608318633996099585,no-clickbait
608318688849182724,no-clickbait
608320918394277888,no-clickbait
608321885860950016,no-clickbait
608322449638322179,no-clickbait
608323936632340481,no-clickbait
608324453999771649,no-clickbait
608325435773067267,no-clickbait
608325705194049536,no-clickbait
608326252399890435,no-clickbait
608327168507179008,no-clickbait
608328978282061824,no-clickbait
608329195824021505,no-clickbait
608329343752892418,no-clickbait
608331071848124416,no-clickbait
608332843408687104,no-clickbait
608332846533517312,no-clickbait
608333016226779137,no-clickbait
608333523032920065,no-clickbait
608333579823783936,no-clickbait
608334017499381760,no-clickbait
608337515586666497,no-clickbait
608337786828148736,clickbait
608338587495628801,no-clickbait
608339814027542528,no-clickbait
608340334267875328,no-clickbait
608340636778004480,clickbait
608340641479815169,no-clickbait
608341349398683649,no-clickbait
608343274714210304,no-clickbait
608343728743399425,no-clickbait
608344088262373377,no-clickbait
608344870533627904,no-clickbait
608345038788161536,no-clickbait
608345597389770753,no-clickbait
608347082844438530,clickbait
608347443823017987,clickbait
608348570253725699,clickbait
608349920286896128,no-clickbait
608350375704449024,no-clickbait
608351092469067776,no-clickbait
608352399279931392,no-clickbait
608353167600959488,no-clickbait
608353759664734208,clickbait
608354178847653889,no-clickbait
608355408634200064,no-clickbait
608355417740079104,no-clickbait
608355558173884416,no-clickbait
608355665078308865,no-clickbait
608358158730428416,no-clickbait
608358416600334337,no-clickbait
608358832146903041,no-clickbait
608359169398153216,no-clickbait
608359409505468418,clickbait
608359709096181762,no-clickbait
608359956925022209,no-clickbait
608360611664297984,no-clickbait
608362956125032448,no-clickbait
608363000991326208,no-clickbait
608363011418374144,no-clickbait
608365725540085763,clickbait
608367121559633922,no-clickbait
608367244926713857,no-clickbait
608368332132261890,no-clickbait
608369247631339520,no-clickbait
608369352484786176,no-clickbait
608369881109680128,no-clickbait
608370528265461760,no-clickbait
608370589989015552,clickbait
608370624520691712,no-clickbait
608371530612015104,no-clickbait
608372520555814912,no-clickbait
608372594467840002,no-clickbait
608372626399100928,no-clickbait
608373178235240449,no-clickbait
608373939237187585,no-clickbait
608374042622627840,no-clickbait
608374283505516544,no-clickbait
608376229893447680,no-clickbait
608377721077563393,no-clickbait
608377861293113345,no-clickbait
608378092277481472,no-clickbait
608378302915473408,no-clickbait
608381884142350336,no-clickbait
608382059070013442,no-clickbait
608383780311728128,no-clickbait
608385260355743744,no-clickbait
608385654184144896,no-clickbait
608386956314202113,clickbait
608387015604883456,no-clickbait
608387323055775744,clickbait
608387621509808128,no-clickbait
608390359023026178,no-clickbait
608391034293338112,no-clickbait
608392385425338368,no-clickbait
608393291269324800,clickbait
608393488959455232,no-clickbait
608393519565275136,no-clickbait
608393524724269059,no-clickbait
608394092008062976,no-clickbait
608394863479037952,no-clickbait
608395977628753920,no-clickbait
608396079483219968,no-clickbait
608397159608815619,no-clickbait
608398971439083524,clickbait
608399580884029440,no-clickbait
608400685646946306,no-clickbait
608400882959568896,no-clickbait
608401708025184256,clickbait
608401807933640704,no-clickbait
608403226656915456,no-clickbait
608403957673795584,no-clickbait
608405183450771456,no-clickbait
608405358982365184,no-clickbait
608407080853225472,no-clickbait
608407227473502208,no-clickbait
608408481654259712,no-clickbait
608411514228203520,no-clickbait
608411627009019904,no-clickbait
608412036247232513,no-clickbait
608413197146681344,no-clickbait
608413375933095937,no-clickbait
608413703072063488,no-clickbait
608414317189427200,no-clickbait
608414877242257410,no-clickbait
608414975074410496,no-clickbait
608418580703645697,no-clickbait
608418809431650305,no-clickbait
608419448341540865,clickbait
608420442760691713,no-clickbait
608420835481759744,no-clickbait
608422013439516675,no-clickbait
608422127583285248,no-clickbait
608425140855164930,clickbait
608426230203998208,no-clickbait
608426607942881281,no-clickbait
608426989444325376,no-clickbait
608427115730485248,clickbait
608427371608219648,no-clickbait
608429784528482305,no-clickbait
608431148805443584,no-clickbait
608432109859037184,no-clickbait
608432476575428610,no-clickbait
608434922840162305,no-clickbait
608435251375910913,no-clickbait
608436167944605696,no-clickbait
608437318744190976,clickbait
608437694272643072,clickbait
608437725709090816,no-clickbait
608441233330057216,no-clickbait
608441762521214977,no-clickbait
608442039395565568,no-clickbait
608442469626187778,no-clickbait
608443279361867777,no-clickbait
608443737014988800,no-clickbait
608444291514515456,no-clickbait
608444679806423041,no-clickbait
608446057266180096,no-clickbait
608446191177740288,clickbait
608446230860038145,clickbait
608446245573517312,no-clickbait
608446252603154432,no-clickbait
608447451704512514,clickbait
608450645025288192,no-clickbait
608451233129615360,no-clickbait
608453791227088896,no-clickbait
608453894889480193,no-clickbait
608453900782436352,no-clickbait
608454440048291841,clickbait
608454530393632768,no-clickbait
608455807143845888,no-clickbait
608457017951461376,no-clickbait
608457556189704193,clickbait
608457764457844737,clickbait
608457797580263426,no-clickbait
608458427921264641,no-clickbait
608458572880576514,clickbait
608459594453647360,no-clickbait
608461330740355073,no-clickbait
608461339418218496,no-clickbait
608461361748828162,no-clickbait
608462112193671168,no-clickbait
608463798916235264,clickbait
608465347411369985,no-clickbait
608465646930788352,no-clickbait
608467338858524673,no-clickbait
608468880026161152,no-clickbait
608470408799617024,no-clickbait
608472672570232832,no-clickbait
608475087247912960,clickbait
608475853979291648,no-clickbait
608476232221601792,no-clickbait
608476452657348608,no-clickbait
608476715954880512,clickbait
608477723703545857,no-clickbait
608485420377231361,no-clickbait
608486045278076930,no-clickbait
608488821336993792,no-clickbait
608491300237672448,no-clickbait
608491571294691329,no-clickbait
608492412416237568,no-clickbait
608492679471767552,no-clickbait
608492957772206080,no-clickbait
608493686381551616,no-clickbait
608493964061233152,no-clickbait
608494570490458112,clickbait
608495305227706368,clickbait
608498975277240320,no-clickbait
608499845926653952,clickbait
608501242621378560,clickbait
608502553949650944,no-clickbait
608502622983720960,no-clickbait
608503112739872768,clickbait
608506629114490880,clickbait
608506976335585282,clickbait
608507395258482688,clickbait
608507562586062848,no-clickbait
608511152272846848,no-clickbait
608513952981504000,no-clickbait
608514179494998016,no-clickbait
608514320490754048,no-clickbait
608514475172458496,clickbait
608517954842570752,no-clickbait
608518190646312960,no-clickbait
608519681897418753,no-clickbait
608519965394804737,no-clickbait
608521158174986242,no-clickbait
608521501675917312,no-clickbait
608524958537498624,clickbait
608525869460635648,no-clickbait
608525952545632256,no-clickbait
608526066597175296,no-clickbait
608529062777069568,no-clickbait
608530573359874049,no-clickbait
608530959852380160,no-clickbait
608531153373528064,no-clickbait
608531423629295617,no-clickbait
608532224875622400,no-clickbait
608533444331753473,clickbait
608536119358173184,clickbait
608536835606757376,no-clickbait
608537098719735808,no-clickbait
608538099203887104,no-clickbait
608539441888681984,no-clickbait
608539853769330688,no-clickbait
608542150196891648,no-clickbait
608543072843124736,clickbait
608544822383792128,clickbait
608545798075351040,no-clickbait
608546417569767424,no-clickbait
608549177325281280,no-clickbait
608549203262906368,no-clickbait
608551961454063616,no-clickbait
608554075412520961,no-clickbait
608554432805134337,no-clickbait
608555702286753792,clickbait
608556744512565248,no-clickbait
608559573297934336,clickbait
608560069144289280,no-clickbait
608561452690059264,no-clickbait
608563275673006080,clickbait
608566657599057920,no-clickbait
608567028987908097,no-clickbait
608568277128900609,no-clickbait
608568480628142080,no-clickbait
608568493743742976,no-clickbait
608568701978308608,no-clickbait
608570753982865408,no-clickbait
608573463817801728,no-clickbait
608573742755770368,no-clickbait
608574576734445568,clickbait
608576531456249856,clickbait
608578588737200128,no-clickbait
608582574978367488,no-clickbait
608583540557545472,no-clickbait
608584227811172353,no-clickbait
608584579390275584,no-clickbait
608584896534208513,clickbait
608585905083953152,no-clickbait
608589241136873472,clickbait
608589467020984321,clickbait
608591267073810432,no-clickbait
608591877072384000,no-clickbait
608592350848389120,no-clickbait
608592551852036096,no-clickbait
608592851358916608,no-clickbait
608593486485557249,no-clickbait
608596870974304256,no-clickbait
608598498850668544,clickbait
608600996886011904,no-clickbait
608602267604922368,no-clickbait
608605168368775169,no-clickbait
608607340410101760,no-clickbait
608607592206733313,no-clickbait
608607809031278592,clickbait
608608158911729665,no-clickbait
608609076780625920,no-clickbait
608609109735288832,clickbait
608610983897145344,no-clickbait
608612335972843520,clickbait
608612879839932416,no-clickbait
608614719809814528,no-clickbait
608618418158317568,no-clickbait
608619173846085633,clickbait
608619741805084672,no-clickbait
608622195611430912,no-clickbait
608623487222190081,no-clickbait
608623582139314176,no-clickbait
608627142784626688,no-clickbait
608629333578670080,clickbait
608629808789106688,no-clickbait
608630087316058112,no-clickbait
608630968237236228,no-clickbait
608630970242093056,no-clickbait
608631201700704256,no-clickbait
608632716993671168,no-clickbait
608633602071535616,no-clickbait
608633923938209792,no-clickbait
608635050805108736,no-clickbait
608635282892709888,no-clickbait
608635576586223616,clickbait
608636517972475904,no-clickbait
608637550710898689,no-clickbait
608638021785669632,no-clickbait
608638056715964416,no-clickbait
608638364200353792,clickbait
608640561231187968,no-clickbait
608641362414678016,no-clickbait
608642524253663232,clickbait
608642830144159744,no-clickbait
608643048088694784,no-clickbait
608644136648982528,no-clickbait
608646330102079489,no-clickbait
608648142628777985,no-clickbait
608648643009077248,no-clickbait
608648911490809856,no-clickbait
608649887412985858,clickbait
608650404340097025,clickbait
608651141208006656,no-clickbait
608651889958395907,no-clickbait
608652216489119744,clickbait
608652583733989377,no-clickbait
608653618535792640,no-clickbait
608654994276012033,no-clickbait
608655118658105344,clickbait
608655788555513857,no-clickbait
608655930763411457,no-clickbait
608656732722765825,no-clickbait
608657651371630594,clickbait
608658123788791808,clickbait
608658470905200640,no-clickbait
608658774769958912,no-clickbait
608660027570835456,clickbait
608661176919023616,no-clickbait
608661269068001281,clickbait
608661403378065409,no-clickbait
608661420578721793,no-clickbait
608663799760101376,no-clickbait
608664680471654401,clickbait
608664705666850816,no-clickbait
608665031903854594,no-clickbait
608665530879340544,clickbait
608665622260674560,clickbait
608665805178339328,no-clickbait
608667625007235073,clickbait
608668183528996867,no-clickbait
608668468603322369,no-clickbait
608668649973514240,no-clickbait
608670468141404160,clickbait
608671475709669377,no-clickbait
608671903641948161,no-clickbait
608672726862053377,no-clickbait
608672734055284736,clickbait
608674006435102720,no-clickbait
608674493456748545,clickbait
608676019260796928,no-clickbait
608676498455818240,no-clickbait
608676737682169856,no-clickbait
608677194378940416,no-clickbait
608678106103205888,no-clickbait
608678374362505216,no-clickbait
608678554977509376,no-clickbait
608679438792929280,no-clickbait
608679797477240832,no-clickbait
608680091283881986,clickbait
608681294608760832,no-clickbait
608681379476480000,no-clickbait
608682343692386306,no-clickbait
608682806609207296,clickbait
608683837065854976,no-clickbait
608686580480344064,no-clickbait
608687610630819840,no-clickbait
608687645628092416,no-clickbait
608687735008841728,clickbait
608688782821453825,no-clickbait
608689261026668544,no-clickbait
608692276458614784,no-clickbait
608693451656470529,no-clickbait
608694089152872448,no-clickbait
608694954634977280,no-clickbait
608695020003147776,clickbait
608695979244703744,no-clickbait
608697352212193280,no-clickbait
608697469858361345,no-clickbait
608699164684222465,no-clickbait
608700141428604928,no-clickbait
608700773606825984,no-clickbait
608702923779002368,no-clickbait
608702957048225793,no-clickbait
608704949422276608,clickbait
608706198217568256,no-clickbait
608707023258161152,no-clickbait
608707065452867584,no-clickbait
608708086220455936,no-clickbait
608709504432226304,no-clickbait
608710272379830273,no-clickbait
608710311407788032,no-clickbait
608710504148631552,no-clickbait
608711214038962177,no-clickbait
608711317952724992,no-clickbait
608714030937604096,clickbait
608715193846108162,no-clickbait
608717216758964224,no-clickbait
608717808344551424,clickbait
608717827470573568,no-clickbait
608719223913914369,no-clickbait
608719307183370240,clickbait
608720863953842179,no-clickbait
608722692779425792,clickbait
608723346965061632,no-clickbait
608724128367923201,no-clickbait
608724236035710979,no-clickbait
608724295863427072,clickbait
608724691491123200,no-clickbait
608725326475218944,no-clickbait
608725398138933248,no-clickbait
608726065322815488,clickbait
608726491115974656,no-clickbait
608726607314960384,no-clickbait
608727096098078720,clickbait
608728306175893504,no-clickbait
608730313926180865,no-clickbait
608731140908814337,no-clickbait
608732854948757504,no-clickbait
608732915623563264,no-clickbait
608732927501819904,no-clickbait
608733156674555904,no-clickbait
608734414546284544,no-clickbait
608736668347039744,no-clickbait
608736918407290880,clickbait
608737925061353473,no-clickbait
608739044500107264,no-clickbait
608739280559722498,no-clickbait
608739407592423424,no-clickbait
608741426621341696,no-clickbait
608742768882647040,no-clickbait
608743058839080960,no-clickbait
608743563082493953,no-clickbait
608743656854556672,clickbait
608743659668955137,clickbait
608743812333236225,no-clickbait
608744232942067712,no-clickbait
608744358184108032,no-clickbait
608744463796609024,no-clickbait
608744853707583488,no-clickbait
608744891766726656,no-clickbait
608747894808702978,no-clickbait
608748953123876865,no-clickbait
608749345731674112,no-clickbait
608750006674165760,no-clickbait
608750189298327552,no-clickbait
608751024325689345,no-clickbait
608751950566404096,clickbait
608754781968932865,no-clickbait
608754988211425280,no-clickbait
608755591729668097,clickbait
608755787540750337,clickbait
608756001261551616,no-clickbait
608756156476076032,no-clickbait
608757799783383040,clickbait
608758307918979072,no-clickbait
608759317190221826,no-clickbait
608759561541935104,no-clickbait
608759566898036736,no-clickbait
608761340077838336,no-clickbait
608761428246458369,no-clickbait
608762127260749825,no-clickbait
608762951227592704,no-clickbait
608763398084546560,no-clickbait
608765440299376641,clickbait
608765779908022272,clickbait
608766038285643776,no-clickbait
608766363797102592,no-clickbait
608769630841245696,clickbait
608769716283310080,no-clickbait
608773420562657280,no-clickbait
608773560396423169,no-clickbait
608774888296333313,no-clickbait
608775432268337152,no-clickbait
608778083806486528,no-clickbait
608778182188257280,no-clickbait
608785977528586241,no-clickbait
608788996445986818,no-clickbait
608789125005733888,no-clickbait
608793445067583488,clickbait
608793539556708352,clickbait
608793547911757824,no-clickbait
608793837272588288,no-clickbait
608794125572292608,no-clickbait
608794995756298241,no-clickbait
608797181496143873,no-clickbait
608798332186689536,no-clickbait
608798443453046784,clickbait
608800877852262401,clickbait
608801588308656128,no-clickbait
608801746652147712,no-clickbait
608802106213040128,no-clickbait
608803216516640768,clickbait
608804845345230848,no-clickbait
608807192846848000,no-clickbait
608807876308676609,no-clickbait
608808402710614016,clickbait
608808619338006529,no-clickbait
608808628695343104,clickbait
608808654092038145,no-clickbait
608810937957646336,no-clickbait
608812531923058688,no-clickbait
608813681443545088,no-clickbait
608816209128222720,no-clickbait
608819943052832768,no-clickbait
608821572829216768,no-clickbait
608821945925312513,no-clickbait
608823483720675329,no-clickbait
608823743255711744,no-clickbait
608825588632170497,no-clickbait
608826283011796992,no-clickbait
608826530513362947,no-clickbait
608827274339692544,no-clickbait
608829184497078272,no-clickbait
608829969310081024,no-clickbait
608830811211747328,no-clickbait
608831084642435073,no-clickbait
608831302490415106,no-clickbait
608831426524495872,no-clickbait
608832303146491905,clickbait
608833806125006849,no-clickbait
608834560655286272,no-clickbait
608834568947269632,no-clickbait
608834780239683584,no-clickbait
608835084339277824,no-clickbait
608836058243977217,clickbait
608838825918332930,no-clickbait
608839842747850754,no-clickbait
608841375753359361,no-clickbait
608842734204379137,no-clickbait
608843561140895744,no-clickbait
608844602422861824,no-clickbait
608844790843756545,no-clickbait
608845133551771648,no-clickbait
608847404197138432,no-clickbait
608848661284556800,no-clickbait
608849901636694016,no-clickbait
608849922255781888,no-clickbait
608850005366087680,clickbait
608851445278982144,no-clickbait
608852174315986944,no-clickbait
608853700044578816,clickbait
608853917594734592,clickbait
608855918483255296,no-clickbait
608855931552718848,no-clickbait
608856211795156993,no-clickbait
608857991874412545,no-clickbait
608859210269470720,no-clickbait
608860507592880128,clickbait
608861677673660416,clickbait
608864511265751040,no-clickbait
608865805200183296,clickbait
608867243720601600,clickbait
608867536415944704,no-clickbait
608868777602580482,clickbait
608868793817907200,no-clickbait
608869043307687936,no-clickbait
608871314594648064,no-clickbait
608872557861687297,clickbait
608875876474851328,no-clickbait
608876447151869952,clickbait
608876568082018304,no-clickbait
608878008271798273,no-clickbait
608880106266882048,no-clickbait
608881276049829889,clickbait
608881377501659136,clickbait
608881572834619392,clickbait
608882627089596416,clickbait
608883901940035584,clickbait
608885386316632066,no-clickbait
608886156516655104,no-clickbait
608886929225060352,clickbait
608887646086008832,no-clickbait
608887669167374336,clickbait
608888507562663936,no-clickbait
608890073262751744,no-clickbait
608891444280049664,clickbait
608893603440697345,no-clickbait
608896007271817216,no-clickbait
608897454231158784,no-clickbait
608898979258990592,no-clickbait
608898990420000768,clickbait
608900171771080704,no-clickbait
608900311688818688,no-clickbait
608901864348917760,no-clickbait
608906300991393792,no-clickbait
608908288261001216,no-clickbait
608908946863222785,clickbait
608909318864388098,no-clickbait
608910326692745216,clickbait
608911152190513154,no-clickbait
608911722011873280,no-clickbait
608911734896795648,no-clickbait
608912651922608129,no-clickbait
608913506121957377,no-clickbait
608914316482519040,clickbait
608915599670939648,clickbait
608917489498603520,no-clickbait
608920088545214464,no-clickbait
608921511991349248,no-clickbait
608922004243230720,no-clickbait
608922339695300608,clickbait
608925152672268288,no-clickbait
608925421648908290,no-clickbait
608925659633733632,no-clickbait
608926452596273152,no-clickbait
608928271254859776,no-clickbait
608928946227412992,no-clickbait
608929037960892416,no-clickbait
608929466216230912,clickbait
608929475833790464,no-clickbait
608930493980094464,no-clickbait
608930812382355456,no-clickbait
608930885396668417,no-clickbait
608931072978628608,no-clickbait
608932066693160960,no-clickbait
608932310474477568,no-clickbait
608932641207934976,no-clickbait
608934123852333056,no-clickbait
608934131704168448,no-clickbait
608935192691118080,no-clickbait
608936127169458176,no-clickbait
608936864310001664,no-clickbait
608938014669180928,no-clickbait
608938362884472833,no-clickbait
608939260536868865,clickbait
608939490304860160,clickbait
608940189403242499,no-clickbait
608940315593060352,no-clickbait
608946815371759616,clickbait
608947797543403520,no-clickbait
608948595505639425,no-clickbait
608949208549355520,clickbait
608949241403310080,no-clickbait
608952026102427649,no-clickbait
608952318676086785,no-clickbait
608953025017839616,no-clickbait
608954501089927168,clickbait
608954609625886720,no-clickbait
608954752223838208,no-clickbait
608955092159590400,clickbait
608956039300542465,no-clickbait
608958689970675712,no-clickbait
608959380839624705,clickbait
608959948077301760,no-clickbait
608960536743698432,clickbait
608961210290196481,clickbait
608963244972236800,no-clickbait
608964975957303296,no-clickbait
608965686140899328,clickbait
608966172122476544,no-clickbait
608967176020582400,no-clickbait
608969459185938432,clickbait
608969928083935232,clickbait
608970436177719298,clickbait
608970723990876161,no-clickbait
608973160625631233,no-clickbait
608974835549659136,clickbait
608974922342367232,clickbait
608975679137439744,no-clickbait
608975935166119936,no-clickbait
608976882332258304,no-clickbait
608977006907289600,no-clickbait
608977087454674944,no-clickbait
608978570195660800,no-clickbait
608978707265519616,no-clickbait
608980670359158784,no-clickbait
608980783924178945,no-clickbait
608981819049046019,no-clickbait
608982095755501568,no-clickbait
608983299265019906,no-clickbait
608983580157554689,no-clickbait
608984503298748416,no-clickbait
608986599389564928,no-clickbait
608986659099697152,no-clickbait
608987901834199042,clickbait
608988027684270080,no-clickbait
608988326167724032,no-clickbait
608989685877235712,no-clickbait
608990042284011520,no-clickbait
608990849138077696,clickbait
608990853189767168,clickbait
608991534386688000,no-clickbait
608992566550368256,no-clickbait
608992583545696256,no-clickbait
608993554279620609,clickbait
608993820060037121,no-clickbait
608994093553872897,clickbait
608995034579513345,no-clickbait
608996542532464642,no-clickbait
608997214690529280,no-clickbait
608997377035272193,no-clickbait
608997777201356800,no-clickbait
608997884416110592,no-clickbait
608998699541385217,no-clickbait
608999590243741697,clickbait
608999817856069632,clickbait
609000195431526400,no-clickbait
609000415322103808,no-clickbait
609000486331674624,no-clickbait
609001280388890624,no-clickbait
609001931663618048,no-clickbait
609003570256588801,no-clickbait
609004453824483328,no-clickbait
609004486280028160,no-clickbait
609004674226728960,no-clickbait
609004761132638208,no-clickbait
609004935515021312,no-clickbait
609005648727175170,no-clickbait
609007087386030080,clickbait
609007214792204288,no-clickbait
609007341669879809,no-clickbait
609007549094985728,no-clickbait
609007767580475392,no-clickbait
609007877752279040,no-clickbait
609008121428721665,no-clickbait
609008965263982593,clickbait
609009022771941376,no-clickbait
609009344257138688,no-clickbait
609009807807385601,no-clickbait
609009920890015744,no-clickbait
609009926355218432,no-clickbait
609010331432665088,no-clickbait
609010871528996864,no-clickbait
609012177182273536,no-clickbait
609012281486114816,no-clickbait
609012492933537794,no-clickbait
609012633006669824,clickbait
609013281282351104,no-clickbait
609013501395410944,no-clickbait
609013608438185984,no-clickbait
609014782168080384,clickbait
609014901751824384,no-clickbait
609015958817124352,clickbait
609016082670698496,no-clickbait
609016454843912192,no-clickbait
609017236666376192,clickbait
609017323094220800,no-clickbait
609017736065380352,no-clickbait
609017906559488002,no-clickbait
609018023328899073,clickbait
609018273137610752,no-clickbait
609018662620663808,no-clickbait
609019259398811648,no-clickbait
609019270438223872,no-clickbait
609019851475140608,no-clickbait
609020014147063809,clickbait
609020031767216128,clickbait
609020052348764160,no-clickbait
609021765428232192,clickbait
609021974682042368,clickbait
609022302257188867,clickbait
609022396046147584,no-clickbait
609023347377082370,no-clickbait
609025080304148481,no-clickbait
609025698477568000,no-clickbait
609025705297338368,clickbait
609026298824916992,no-clickbait
609026400276783104,no-clickbait
609027430624288769,no-clickbait
609027994842230784,no-clickbait
609028113150836736,no-clickbait
609028812228026368,no-clickbait
609029347144552448,no-clickbait
609030043986182144,no-clickbait
609030792719835137,clickbait
609031339204034560,no-clickbait
609031371550380033,no-clickbait
609031620469923843,no-clickbait
609032006421192704,no-clickbait
609032099299876864,no-clickbait
609033479137935361,clickbait
609034778738724864,no-clickbait
609035333854982144,no-clickbait
609035658338967552,no-clickbait
609035910622130176,no-clickbait
609036171189063680,no-clickbait
609036313598263297,no-clickbait
609038163751878659,clickbait
609039072292671488,no-clickbait
609039455815634944,clickbait
609039621754863616,no-clickbait
609039933328793600,no-clickbait
609040166855020544,no-clickbait
609040454978564097,no-clickbait
609040663225602049,no-clickbait
609040689670684672,no-clickbait
609041315758792704,no-clickbait
609042117088915456,no-clickbait
609042545465622528,no-clickbait
609042695865028611,no-clickbait
609043115090038785,clickbait
609043198590201856,no-clickbait
609043278084726784,clickbait
609044148906287105,no-clickbait
609044961766473729,clickbait
609045780947738624,no-clickbait
609045959062896642,no-clickbait
609046214554755073,no-clickbait
609046383253925888,clickbait
609046813455302656,no-clickbait
609046942233059328,no-clickbait
609047236232785920,no-clickbait
609047475886895104,clickbait
609048367600123904,no-clickbait
609048732416548864,no-clickbait
609048847629701122,no-clickbait
609050027428683776,clickbait
609050239027126272,clickbait
609050517067673600,clickbait
609050527167578112,clickbait
609052695186518016,no-clickbait
609052704766332929,no-clickbait
609053753732300800,no-clickbait
609053763731480577,no-clickbait
609054437982633984,no-clickbait
609056026520907776,no-clickbait
609056814819323905,no-clickbait
609057586235637761,no-clickbait
609057960225058816,clickbait
609058163422298112,no-clickbait
609058804454584320,no-clickbait
609059063113084928,no-clickbait
609059065134768128,clickbait
609060315804917760,clickbait
609060966010097664,clickbait
609061325617160193,no-clickbait
609061514985779202,no-clickbait
609061896357036033,no-clickbait
609062592309399553,no-clickbait
609064118478381056,no-clickbait
609064394362880000,no-clickbait
609064711670349825,no-clickbait
609065185500884992,no-clickbait
609065310478589952,no-clickbait
609065588745494528,clickbait
609065665509482496,no-clickbait
609065667975897088,no-clickbait
609066076282867712,no-clickbait
609066357519462400,no-clickbait
609066706972110849,no-clickbait
609067574425493505,no-clickbait
609067593450827776,no-clickbait
609067906689839104,no-clickbait
609068421167353856,clickbait
609069630213111808,no-clickbait
609070692986847232,no-clickbait
609072092961718272,no-clickbait
609072487163408386,no-clickbait
609072877493571584,no-clickbait
609072995445952512,clickbait
609073072285593600,no-clickbait
609073297024806912,no-clickbait
609074889035788289,clickbait
609075155248291841,clickbait
609075380780212224,no-clickbait
609075399239139329,no-clickbait
609076413186965505,no-clickbait
609076627633545218,clickbait
609076644201000960,no-clickbait
609077811786096640,no-clickbait
609078430127271936,no-clickbait
609078897779556353,no-clickbait
609078926384766976,no-clickbait
609079411502030848,no-clickbait
609079439339700226,clickbait
609080295975849984,no-clickbait
609081221621121024,no-clickbait
609081449602519041,clickbait
609081754528428032,clickbait
609082127775191040,no-clickbait
609082194380922880,no-clickbait
609082704458604545,no-clickbait
609082959254200320,no-clickbait
609085223599546368,clickbait
609085499471491072,clickbait
609085727335436290,clickbait
609087049220681730,clickbait
609087596506021889,no-clickbait
609088123604201473,no-clickbait
609088264788697088,no-clickbait
609089004961595392,no-clickbait
609089564897103872,no-clickbait
609090124585025536,clickbait
609090257343135746,clickbait
609090446124552192,clickbait
609091527600570368,no-clickbait
609091715065085952,no-clickbait
609091736451858432,clickbait
609091840600604672,clickbait
609091928731361283,no-clickbait
609092205400207361,no-clickbait
609092969321369600,clickbait
609093255385350144,no-clickbait
609094033634398208,clickbait
609094456327974912,clickbait
609095030926635011,no-clickbait
609095922199490560,no-clickbait
609096135546933248,no-clickbait
609096498157076480,no-clickbait
609096545263345664,clickbait
609096677211934720,no-clickbait
609096976974663681,no-clickbait
609097109565001729,clickbait
609097467884396544,no-clickbait
609097579935227904,no-clickbait
609098140860469249,no-clickbait
609098223647637506,clickbait
609098225107107840,no-clickbait
609098405126795265,clickbait
609098505479593984,no-clickbait
609099154460160000,no-clickbait
609100107804504064,no-clickbait
609100135797256193,no-clickbait
609100727462461440,no-clickbait
609100875580211200,clickbait
609101710502580224,no-clickbait
609102862308810753,no-clickbait
609102865911513090,no-clickbait
609103067284316160,no-clickbait
609104994114109440,no-clickbait
609105073319206912,no-clickbait
609105264273448960,no-clickbait
609105327250894848,no-clickbait
609105660035223552,clickbait
609105839006343169,no-clickbait
609106613375516672,clickbait
609106938836725760,clickbait
609107871389904896,clickbait
609108031687630848,no-clickbait
609108415512780800,clickbait
609108422244618241,no-clickbait
609109398426951680,clickbait
609110182573019136,no-clickbait
609111061271314433,clickbait
609111303106535425,no-clickbait
609111799007469568,no-clickbait
609112309294882818,no-clickbait
609112350726193154,no-clickbait
609112604288516097,no-clickbait
609113301235195904,clickbait
609114651880652802,no-clickbait
609115168610656257,no-clickbait
609115251070652417,no-clickbait
609117193104703489,no-clickbait
609117770740023296,clickbait
609117877095006208,clickbait
609117950574891008,clickbait
609118690269745152,no-clickbait
609118839331299328,no-clickbait
609120483993354240,clickbait
609120651895558144,no-clickbait
609120937263300608,no-clickbait
609120955705593856,clickbait
609121933637095424,clickbait
609122496168755201,no-clickbait
609124505043111936,clickbait
609124766067240960,no-clickbait
609126746676404224,clickbait
609126984266854401,no-clickbait
609127121483644929,no-clickbait
609127194648973312,no-clickbait
609128792397873153,clickbait
609129483497553920,no-clickbait
609129764469755905,clickbait
609130518823731201,no-clickbait
609132090529951745,no-clickbait
609133281775194114,no-clickbait
609133286724468736,clickbait
609134583548899328,no-clickbait
609134647600095232,clickbait
609134694521794561,no-clickbait
609134985812045824,no-clickbait
609135222345469952,clickbait
609135817450237953,no-clickbait
609136614590279680,clickbait
609136628192444416,no-clickbait
609137048344117248,no-clickbait
609138853375406080,no-clickbait
609140608960086018,no-clickbait
609140820663341056,no-clickbait
609141582290292736,no-clickbait
609143081976266753,clickbait
609144869076905985,clickbait
609145619316391938,no-clickbait
609145970593390593,clickbait
609146386085449728,no-clickbait
609147607705886720,no-clickbait
609148274973540352,no-clickbait
609149510359613440,no-clickbait
609149708683116545,no-clickbait
609152913865355264,no-clickbait
609153411007778817,no-clickbait
609154516286578688,no-clickbait
609155688451997696,no-clickbait
609156582631469056,no-clickbait
609156796599640065,no-clickbait
609157583878889472,no-clickbait
609158455899852801,no-clickbait
609158684170547200,clickbait
609159682012368896,clickbait
609160482717585408,no-clickbait
609161129064009728,no-clickbait
609162980723326977,no-clickbait
609163165968928768,clickbait
609163243031015424,clickbait
609163485893693440,no-clickbait
609164213412495360,clickbait
609164871465324544,clickbait
609165231785295872,no-clickbait
609165781381869568,no-clickbait
609166006473334784,clickbait
609166755819335681,no-clickbait
609166978364735489,no-clickbait
609167234984873984,no-clickbait
609167754118209537,no-clickbait
609168194884898816,no-clickbait
609168299084095489,clickbait
609168370177589248,no-clickbait
609169527713173504,no-clickbait
609170557792223232,no-clickbait
609171007186837504,no-clickbait
609171037784285184,no-clickbait
609172500191268864,no-clickbait
609173199142694912,no-clickbait
609173296031076353,no-clickbait
609173820314886144,no-clickbait
609174033758748672,no-clickbait
609174129145737217,no-clickbait
609174505269825536,no-clickbait
609174563805659136,no-clickbait
609174771776004096,no-clickbait
609174781880090624,no-clickbait
609174806496305152,clickbait
609175841151561729,clickbait
609176670055100416,no-clickbait
609176887777226752,no-clickbait
609178029181505538,no-clickbait
609178446653206529,no-clickbait
609178554681675776,clickbait
609179166924214272,no-clickbait
609180565045166081,clickbait
609180855152545792,no-clickbait
609181375581663232,no-clickbait
609181533514153984,clickbait
609182587848945664,no-clickbait
609182601505583105,no-clickbait
609183370413764608,no-clickbait
609183804180180992,no-clickbait
609184100310585344,no-clickbait
609186116974067712,no-clickbait
609186132375416832,no-clickbait
609186664372695040,no-clickbait
609186803241848832,no-clickbait
609187692933455872,clickbait
609188424050966528,no-clickbait
609189205739220992,no-clickbait
609189539467370496,clickbait
609192010629693442,no-clickbait
609192014798700544,no-clickbait
609193241481756673,no-clickbait
609193438169403392,clickbait
609193560244678656,no-clickbait
609194693147148288,clickbait
609194994700828672,clickbait
609196389713735680,no-clickbait
609197223897890816,clickbait
609197430945525760,no-clickbait
609197455746273280,no-clickbait
609198181570772992,no-clickbait
609198527256895488,no-clickbait
609199797942284288,no-clickbait
609201316099981312,clickbait
609201723152986112,clickbait
609203502733201408,no-clickbait
609203900726575104,no-clickbait
609204522263650304,no-clickbait
609204644221423616,no-clickbait
609205156647862272,no-clickbait
609205243729948673,clickbait
609207514543034369,no-clickbait
609210355345027072,no-clickbait
609210388597612544,no-clickbait
609212296728985601,clickbait
609212302668210176,clickbait
609212312763920384,no-clickbait
609214721087176704,clickbait
609215172952072192,clickbait
609216258819534848,no-clickbait
609216308941619201,clickbait
609216332761010176,no-clickbait
609217416854405120,no-clickbait
609217591329095680,no-clickbait
609218708775563264,no-clickbait
609220830501933056,no-clickbait
609222620777570304,no-clickbait
609223895531540481,no-clickbait
609223897507098625,no-clickbait
609224126344089600,no-clickbait
609226366035329024,no-clickbait
609227391651610625,clickbait
609227396529692672,no-clickbait
609227652814274560,no-clickbait
609228862107582465,no-clickbait
609232543779434496,no-clickbait
609233749373550592,no-clickbait
609234184452751362,no-clickbait
609234945064632320,no-clickbait
609238535384760320,no-clickbait
609239189742350336,clickbait
609241462706950144,no-clickbait
609243749852561408,clickbait
609246287850962944,no-clickbait
609246530898366464,no-clickbait
609246844749803520,no-clickbait
609247404785827840,no-clickbait
609247442433736704,no-clickbait
609247701411217408,no-clickbait
609248354544013312,no-clickbait
609251315609391104,clickbait
609252498281472000,no-clickbait
609256342910566400,no-clickbait
609256629721255936,no-clickbait
609257607786831872,clickbait
609257830160433152,no-clickbait
609258053716717569,no-clickbait
609258466289561600,no-clickbait
609259031719452672,no-clickbait
609259203849551872,no-clickbait
609261389237108736,clickbait
609261398502322176,clickbait
609261820570923008,no-clickbait
609262121998778369,no-clickbait
609264867095121920,no-clickbait
609265222193389568,no-clickbait
609265378766811137,clickbait
609266422301204480,no-clickbait
609267177439535104,no-clickbait
609267488086491136,no-clickbait
609268221468749824,no-clickbait
609268986459627520,no-clickbait
609269843288698882,no-clickbait
609273182097436672,no-clickbait
609273351702511616,clickbait
609274754781085697,no-clickbait
609275150790492160,clickbait
609276224490340352,no-clickbait
609276467990667264,no-clickbait
609276585221451776,no-clickbait
609276653928361984,no-clickbait
609279307236700161,no-clickbait
609279978254020609,no-clickbait
609280252502630401,no-clickbait
609281511372816384,no-clickbait
609284255076773888,no-clickbait
609287908063858688,no-clickbait
609288028218097664,clickbait
609289305794723840,no-clickbait
609291696074047488,no-clickbait
609292460074774529,no-clickbait
609294227235864578,no-clickbait
609296510879072258,no-clickbait
609297109095972864,no-clickbait
609297243263344640,no-clickbait
609297612852842497,clickbait
609297873700696064,no-clickbait
609299351853244416,clickbait
609300379050840065,no-clickbait
609300381286408192,no-clickbait
609300383358418945,no-clickbait
609300990026731520,no-clickbait
609301246667849730,no-clickbait
609303129251823616,clickbait
609303243831836672,no-clickbait
609304002627522560,no-clickbait
609305416342765568,no-clickbait
609305827875360768,no-clickbait
609306027176161280,no-clickbait
609306045048057856,no-clickbait
609306902279925760,no-clickbait
609307692008632320,clickbait
609307704520257536,clickbait
609307942270169088,no-clickbait
609309453045899264,no-clickbait
609310678114017281,no-clickbait
609310805708931072,clickbait
609310835962454016,no-clickbait
609311963768864768,no-clickbait
609313119110852608,no-clickbait
609313800920137728,no-clickbait
609313805839937536,no-clickbait
609314455239938048,clickbait
609319489738387456,no-clickbait
609319976051298304,no-clickbait
609320130997288960,no-clickbait
609321136942358528,no-clickbait
609321526328848384,no-clickbait
609321884744871936,no-clickbait
609322462204022784,no-clickbait
609323246543077377,no-clickbait
609323575716237313,no-clickbait
609324712045494272,no-clickbait
609325546011385859,no-clickbait
609325562600009728,clickbait
609325857816100865,no-clickbait
609326464081756160,clickbait
609326598358220800,clickbait
609328325723619328,no-clickbait
609328688031789056,no-clickbait
609329546215591937,no-clickbait
609329602910097408,clickbait
609329823618584576,clickbait
609330368588685312,clickbait
609330709619195904,clickbait
609331127938105344,no-clickbait
609331593057058816,no-clickbait
609331637227229185,no-clickbait
609331843431698433,no-clickbait
609331970384990208,clickbait
609332215403646976,clickbait
609332656766124032,no-clickbait
609332808016896000,clickbait
609333411749216256,clickbait
609334194964176896,no-clickbait
609335373102247936,no-clickbait
609335602970914817,clickbait
609335622965272576,no-clickbait
609336880807718913,clickbait
609336908951347200,clickbait
609336955894169600,no-clickbait
609336977314435072,no-clickbait
609337066258853888,no-clickbait
609337100371161088,no-clickbait
609337121481064448,clickbait
609337131698229249,no-clickbait
609338820388081664,clickbait
609339382978383874,clickbait
609339768888000512,clickbait
609341703795961856,no-clickbait
609342074685685761,no-clickbait
609342424889081856,clickbait
609342621010558976,no-clickbait
609342711620075520,no-clickbait
609343762255478784,clickbait
609343994515091456,no-clickbait
609344284815421440,no-clickbait
609344528097615872,no-clickbait
609344544522522626,no-clickbait
609344651015888897,no-clickbait
609345686136557568,no-clickbait
609345905532227584,no-clickbait
609346648347672576,no-clickbait
609346866451488768,no-clickbait
609346987163578369,no-clickbait
609347577272774656,no-clickbait
609348021697048576,no-clickbait
609348103389487104,clickbait
609348760708227072,no-clickbait
609350568184782848,no-clickbait
609350697184854016,no-clickbait
609351511324381184,no-clickbait
609352013676044288,no-clickbait
609352048178540544,clickbait
609352061986193408,no-clickbait
609352183860056064,no-clickbait
609353194469228544,no-clickbait
609355750935146497,no-clickbait
609355976098058240,no-clickbait
609356696113283072,no-clickbait
609357268925161472,clickbait
609357686812057600,clickbait
609357875358605313,no-clickbait
609358014932455425,no-clickbait
609358269530939392,no-clickbait
609358304733720576,no-clickbait
609358318495248384,clickbait
609359531584409600,clickbait
609359581362327552,no-clickbait
609359618297364481,no-clickbait
609359645061287936,clickbait
609359889559855105,no-clickbait
609359991871512577,no-clickbait
609360579984236544,no-clickbait
609360661441855488,no-clickbait
609360960550215680,no-clickbait
609361023200546816,no-clickbait
609361152976490496,clickbait
609361820944605185,no-clickbait
609363305178767360,no-clickbait
609363305304584192,clickbait
609363313047281665,no-clickbait
609363316989804544,no-clickbait
609363325760196608,no-clickbait
609363331468673024,clickbait
609364298847141889,clickbait
609364812804530177,no-clickbait
609364851203416064,no-clickbait
609365183245500416,no-clickbait
609366071766872064,clickbait
609366113466621952,clickbait
609368203660296192,no-clickbait
609369111576055808,no-clickbait
609369589303091201,no-clickbait
609371078230712320,clickbait
609371231289233408,clickbait
609371778721390593,no-clickbait
609372114555138048,no-clickbait
609372430713405441,no-clickbait
609372816568360960,clickbait
609373370669494272,no-clickbait
609373412406992896,no-clickbait
609373932936916992,no-clickbait
609374100243419136,no-clickbait
609374530927230977,no-clickbait
609374652096466945,no-clickbait
609375205073551361,clickbait
609375629637763072,clickbait
609375696775987201,no-clickbait
609376177929756673,clickbait
609376532847575040,no-clickbait
609376622085545984,clickbait
609377241349365762,no-clickbait
609378307008761856,no-clickbait
609378407961468928,clickbait
609378900993511425,no-clickbait
609378972003094528,no-clickbait
609379081084366848,no-clickbait
609379139913560064,clickbait
609379336811057152,no-clickbait
609380211868729344,no-clickbait
609381569149698048,no-clickbait
609381652557627392,no-clickbait
609382031659790336,no-clickbait
609382325483343872,no-clickbait
609382418928173057,no-clickbait
609383438026719232,no-clickbait
609384301923188736,no-clickbait
609384666819375104,no-clickbait
609384684359843841,clickbait
609384792644190212,no-clickbait
609385269792538624,clickbait
609385953942081537,no-clickbait
609385956144054272,clickbait
609386634249830401,no-clickbait
609387354072219648,no-clickbait
609387663678918656,no-clickbait
609387769681563648,clickbait
609388454951022592,clickbait
609388756953624576,no-clickbait
609389112848547840,no-clickbait
609389812726915072,clickbait
609389838010159104,no-clickbait
609389920109633536,clickbait
609389952573566977,no-clickbait
609389979689615360,clickbait
609390893582450688,no-clickbait
609390952927596544,no-clickbait
609391378045366274,no-clickbait
609391614881058816,no-clickbait
609391764433162240,clickbait
609392004376752128,no-clickbait
609392073985421313,clickbait
609392243074465793,no-clickbait
609392254751522817,clickbait
609392645199273985,no-clickbait
609392903484518401,no-clickbait
609393521846566912,no-clickbait
609394461337079808,clickbait
609394765961003008,clickbait
609395048225107968,no-clickbait
609396021513351168,no-clickbait
609396415681445888,clickbait
609397314021527552,no-clickbait
609397370216955905,clickbait
609397494280138752,no-clickbait
609397499237937152,no-clickbait
609397703131459584,no-clickbait
609398299926339584,no-clickbait
609398976769576960,no-clickbait
609399551292784640,no-clickbait
609399777827160064,no-clickbait
609401274572886018,no-clickbait
609401299533201408,no-clickbait
609401746314645505,no-clickbait
609402067032088576,no-clickbait
609402107796426752,no-clickbait
609402313371992064,no-clickbait
609402434084032513,clickbait
609403555338940418,no-clickbait
609403840052469760,no-clickbait
609404828968574976,no-clickbait
609405212021915649,no-clickbait
609405358814195716,no-clickbait
609406798085251073,no-clickbait
609407466368069632,no-clickbait
609408032800403456,no-clickbait
609408590269427712,no-clickbait
609408598704128000,no-clickbait
609408608695123968,no-clickbait
609409021775319040,no-clickbait
609409865119834112,no-clickbait
609410132938747904,no-clickbait
609410414254796800,no-clickbait
609412021675757569,no-clickbait
609412627886837760,no-clickbait
609412793192828928,no-clickbait
609412931797798912,clickbait
609413131660591104,no-clickbait
609413596515151872,no-clickbait
609414360923025408,no-clickbait
609414496298356736,no-clickbait
609414842991124480,no-clickbait
609415762726518784,no-clickbait
609416110010691584,no-clickbait
609416373412995072,no-clickbait
609416759813259264,no-clickbait
609417069210267648,no-clickbait
609417394759565312,no-clickbait
609417423809302528,no-clickbait
609417442893262848,no-clickbait
609417622485139456,no-clickbait
609417750201675776,no-clickbait
609418584985608192,no-clickbait
609418648051036160,no-clickbait
609418667835662336,no-clickbait
609418674097754113,no-clickbait
609418773070786560,clickbait
609419297832742913,clickbait
609419982137524226,no-clickbait
609420163994116096,no-clickbait
609420795341881344,no-clickbait
609421192043339777,clickbait
609422309418385408,no-clickbait
609422952451469313,no-clickbait
609423419109732354,no-clickbait
609423447408521217,no-clickbait
609423712886980608,no-clickbait
609423923076300800,no-clickbait
609424257462968320,no-clickbait
609424363360768001,clickbait
609424959631458304,clickbait
609425800643809280,no-clickbait
609425861561962496,clickbait
609426217272381441,no-clickbait
609426219306745856,no-clickbait
609426687412056064,no-clickbait
609426689467248640,no-clickbait
609426996892991489,clickbait
609427202581491713,no-clickbait
609427746830295040,no-clickbait
609428738959388672,no-clickbait
609428842718085120,clickbait
609429939033665537,no-clickbait
609429992766877696,no-clickbait
609431005699702784,no-clickbait
609431253964750850,no-clickbait
609433139870629888,no-clickbait
609433768051523585,no-clickbait
609434632325566464,no-clickbait
609434692484526080,no-clickbait
609435033653350401,no-clickbait
609435107829653504,no-clickbait
609435280202805250,no-clickbait
609436348039229440,no-clickbait
609436889989443585,no-clickbait
609437025997991937,clickbait
609438391793524736,no-clickbait
609438729753784320,no-clickbait
609438802893901824,no-clickbait
609438808195502081,no-clickbait
609439027415150592,clickbait
609439825440149504,no-clickbait
609440238654619648,no-clickbait
609440548471091201,no-clickbait
609441395238174720,no-clickbait
609441620191248384,clickbait
609441986840522753,no-clickbait
609442578623299586,no-clickbait
609443836037873664,clickbait
609444565993586689,clickbait
609444594619654144,no-clickbait
609445816009367552,no-clickbait
609446189352792064,no-clickbait
609446353605918720,no-clickbait
609446802677465088,no-clickbait
609447408955719681,no-clickbait
609447611481911296,clickbait
609447924154638337,no-clickbait
609447974607962113,clickbait
609448618479775744,no-clickbait
609448869873717248,no-clickbait
609448971455594496,no-clickbait
609450130555695104,no-clickbait
609450210599636992,no-clickbait
609451247100370945,no-clickbait
609451387651497984,no-clickbait
609451411055767552,no-clickbait
609451868633198592,no-clickbait
609453880745820160,clickbait
609454047263870977,no-clickbait
609454123746988032,no-clickbait
609454130642423809,clickbait
609455251675062272,no-clickbait
609455562284244994,no-clickbait
609457426241331200,no-clickbait
609457669238296576,clickbait
609457900415787009,no-clickbait
609459158535041024,no-clickbait
609459968304107521,clickbait
609460217269633024,clickbait
609461455960846336,clickbait
609461487598329856,no-clickbait
609461675721400321,no-clickbait
609462235182821376,clickbait
609463822261321728,no-clickbait
609463937696968704,no-clickbait
609463998434668544,no-clickbait
609464399292665857,no-clickbait
609464972607909890,clickbait
609465335498981376,clickbait
609465595835379712,no-clickbait
609465966372610048,no-clickbait
609466403003863042,no-clickbait
609466881557299200,no-clickbait
609468740862775297,clickbait
609469072770736128,clickbait
609469622157316097,no-clickbait
609470000785682432,no-clickbait
609470479699681280,clickbait
609472777142304769,clickbait
609472964317343744,no-clickbait
609473724325195776,no-clickbait
609473891669381120,no-clickbait
609474035286691840,clickbait
609474306461048833,no-clickbait
609475347684421632,clickbait
609475764841484288,clickbait
609476271978876928,no-clickbait
609476577265500161,clickbait
609476770509815808,no-clickbait
609477023535366144,no-clickbait
609477170889625603,no-clickbait
609477738756468736,no-clickbait
609478472919052288,no-clickbait
609479068950638593,no-clickbait
609479069760114688,no-clickbait
609479695315431425,clickbait
609480800858451968,no-clickbait
609482870898458624,no-clickbait
609483378815975424,no-clickbait
609483961719496704,no-clickbait
609485950901723136,no-clickbait
609486085987680256,no-clickbait
609486090735501312,no-clickbait
609487242663301120,no-clickbait
609487366697431040,no-clickbait
609487571677224960,no-clickbait
609488684975542272,no-clickbait
609489375118917632,no-clickbait
609490543282794496,clickbait
609490872334458880,no-clickbait
609493668412534785,no-clickbait
609494609065025536,no-clickbait
609495485112385536,no-clickbait
609496171254394880,clickbait
609496574889185281,no-clickbait
609496895271079937,no-clickbait
609496944533184513,clickbait
609497587075432448,no-clickbait
609497843594715137,no-clickbait
609498561500315648,no-clickbait
609498961242517505,no-clickbait
609499688052502528,no-clickbait
609500570441924608,no-clickbait
609500679120490497,clickbait
609501117949460480,no-clickbait
609503055139241985,clickbait
609503139885117442,no-clickbait
609504112523243522,no-clickbait
609504474621612032,no-clickbait
609505492264710144,no-clickbait
609505794728558592,no-clickbait
609506052103622656,no-clickbait
609507025555357696,no-clickbait
609507177200513024,no-clickbait
609507303352569857,clickbait
609507680047243264,no-clickbait
609508722457636864,no-clickbait
609508859397447680,no-clickbait
609510556077326337,no-clickbait
609510661404655616,no-clickbait
609511057556697088,no-clickbait
609511677931884544,clickbait
609512784368398336,no-clickbait
609513014639726592,no-clickbait
609513041890291713,clickbait
609513872840654848,no-clickbait
609515345448169472,no-clickbait
609515781953572864,no-clickbait
609515901063417856,no-clickbait
609516802549379073,clickbait
609517182532362241,no-clickbait
609518871779889152,clickbait
609519803376603136,no-clickbait
609519858363953152,clickbait
609520629222543360,clickbait
609520823209168896,no-clickbait
609521664473321472,no-clickbait
609521850167750656,clickbait
609522409096511488,no-clickbait
609522980889038848,no-clickbait
609524816140349441,no-clickbait
609525623581745154,no-clickbait
609525884677189633,no-clickbait
609527621286789120,no-clickbait
609529784826220544,no-clickbait
609530456497868802,no-clickbait
609530595190927360,no-clickbait
609531602482413569,no-clickbait
609531785609764865,no-clickbait
609533908661571584,clickbait
609534465925357568,no-clickbait
609535452782198785,clickbait
609535457005846528,clickbait
609535458863882240,clickbait
609535460650668032,clickbait
609536934038368256,no-clickbait
609539459713925120,clickbait
609543175141785600,no-clickbait
609543237435584513,clickbait
609543754450608129,no-clickbait
609544222199275522,no-clickbait
609545754768769024,no-clickbait
609546737376583681,no-clickbait
609547025491869697,clickbait
609548519225950209,no-clickbait
609549263463251969,no-clickbait
609551038983475201,clickbait
609552067565363201,no-clickbait
609552667942219777,no-clickbait
609554729824354304,no-clickbait
609556070722211840,clickbait
609556313908072448,no-clickbait
609556940981710848,no-clickbait
609557666138996736,clickbait
609558589485641728,no-clickbait
609559845591617536,no-clickbait
609560854716133376,clickbait
609563617940234243,no-clickbait
609564670240948224,no-clickbait
609565613460164608,clickbait
609568386218110977,clickbait
609570654258511872,clickbait
609570815290572801,clickbait
609570987324125185,clickbait
609572216699777024,clickbait
609574290275610625,no-clickbait
609574847849500672,no-clickbait
609576970041585664,no-clickbait
609578715568189440,no-clickbait
609579224299536384,no-clickbait
609581122658267136,no-clickbait
609581937548615680,no-clickbait
609582472741810177,no-clickbait
609586043088564224,no-clickbait
609586247367966721,no-clickbait
609587527650045952,no-clickbait
609587651637846016,clickbait
609588530310967296,clickbait
609588624158556160,clickbait
609589434779062272,clickbait
609590046509940736,no-clickbait
609593557163225088,no-clickbait
609594540001988609,no-clickbait
609596480823758849,no-clickbait
609596812123578369,clickbait
609596979371487232,no-clickbait
609597332263337984,clickbait
609597407307952128,no-clickbait
609597599318867968,no-clickbait
609601116666507264,clickbait
609601544137375744,no-clickbait
609602870577598464,no-clickbait
609605495339532288,clickbait
609612172470018048,clickbait
609614804198658048,no-clickbait
609616450681049088,clickbait
609616995483521024,clickbait
609617824483446784,no-clickbait
609618671619690497,no-clickbait
609624019281670145,no-clickbait
609631379530383360,clickbait
609631563597389824,clickbait
609636777616248832,clickbait
609640431589195777,no-clickbait
609643054664957952,no-clickbait
609646419302055936,no-clickbait
609648479976222721,no-clickbait
609650611177525248,clickbait
609650877180321792,no-clickbait
609651590291714048,no-clickbait
609651674341371904,clickbait
609653970529730560,no-clickbait
609653972325019648,no-clickbait
609658688425562112,clickbait
609660004526915584,no-clickbait
609661761084522496,no-clickbait
609665277840601088,clickbait
609666236390207488,clickbait
609667794892931072,no-clickbait
609668241783451648,no-clickbait
609668675650523136,no-clickbait
609669064185659392,no-clickbait
609669241944600576,no-clickbait
609669433716539392,no-clickbait
609669441434066944,no-clickbait
609670572126154752,no-clickbait
609671440405819392,no-clickbait
609671631255007232,no-clickbait
609675246644424704,no-clickbait
609675898254700544,no-clickbait
609676499961147392,no-clickbait
609676619645587456,clickbait
609677493440802817,clickbait
609677761284829184,clickbait
609678083872980993,no-clickbait
609678332033146880,no-clickbait
609678807226843137,no-clickbait
609680383479681025,no-clickbait
609680396956094464,clickbait
609684231141388288,no-clickbait
609684276569837568,clickbait
609684420082180096,no-clickbait
609684456010612736,no-clickbait
609685103606951936,clickbait
609685403788914689,no-clickbait
609687158304186368,clickbait
609688058372464640,clickbait
609688974320345088,no-clickbait
609690694492549120,no-clickbait
609691766921560064,clickbait
609691881065349120,no-clickbait
609691938573406208,no-clickbait
609692402610216961,clickbait
609692463192633345,clickbait
609692874322628608,no-clickbait
609693080502013952,no-clickbait
609693247980613633,clickbait
609694637964566528,no-clickbait
609695119172837376,no-clickbait
609695864274223104,clickbait
609698201214545920,no-clickbait
609701774979563522,no-clickbait
609703914695430144,clickbait
609705101192765440,no-clickbait
609705817110106114,clickbait
609706352617881600,no-clickbait
609706869850902528,no-clickbait
609706915795439616,clickbait
609707061467676673,no-clickbait
609707077641089025,clickbait
609707078312177664,clickbait
609707093579440129,no-clickbait
609707293362495488,no-clickbait
609707569687310336,clickbait
609709427793489921,no-clickbait
609709702021316608,clickbait
609709886595821568,no-clickbait
609710086500384769,no-clickbait
609712726445850624,no-clickbait
609712897871192064,no-clickbait
609714113837727744,no-clickbait
609714204279377920,no-clickbait
609714549546196992,no-clickbait
609714574196084736,no-clickbait
609714592076271617,clickbait
609714598095273984,no-clickbait
609715103101902848,clickbait
609715615352254464,no-clickbait
609716108455710720,no-clickbait
609716416887951360,clickbait
609716905881006081,clickbait
609717357347475456,no-clickbait
609718280618684416,no-clickbait
609718714754318337,clickbait
609718983747588096,clickbait
609719151184203776,no-clickbait
609719400283959296,no-clickbait
609721364879179776,no-clickbait
609721663454904321,clickbait
609721981265575936,clickbait
609722113977663488,clickbait
609722161725509632,clickbait
609722272824356865,no-clickbait
609722649149747200,clickbait
609723175824424960,no-clickbait
609723739417219072,no-clickbait
609723799639040000,clickbait
609724452230856704,no-clickbait
609724526197276673,no-clickbait
609725004889067520,no-clickbait
609725042323140608,no-clickbait
609725187072724993,clickbait
609725197298585600,no-clickbait
609725492183175170,no-clickbait
609725811403436032,no-clickbait
609726799929606144,clickbait
609729494220288000,no-clickbait
609730725110226944,no-clickbait
609731939138936832,clickbait
609733243785621505,clickbait
609733291906891776,no-clickbait
609735831494889472,no-clickbait
609736534435233792,clickbait
609737391541235712,no-clickbait
609737571862773760,no-clickbait
609738106951049216,no-clickbait
609738211183751168,no-clickbait
609738273578049536,clickbait
609739788560793601,no-clickbait
609739954676174848,clickbait
609740032807727104,clickbait
609740595909668866,clickbait
609741808038494208,clickbait
609742270666010624,no-clickbait
609742623117586432,no-clickbait
609744129879191553,clickbait
609744570654392322,clickbait
609744798673539072,no-clickbait
609745328405913600,no-clickbait
609745564230619137,clickbait
609745613354323968,clickbait
609746131640320000,no-clickbait
609746153916248065,no-clickbait
609747305105895424,no-clickbait
609747530696552451,no-clickbait
609748082641625090,no-clickbait
609748327652044800,no-clickbait
609748367049105409,clickbait
609748932042838017,no-clickbait
609749496122208256,no-clickbait
609749551398916096,no-clickbait
609749577831288833,clickbait
609749632198025216,no-clickbait
609750446912045057,no-clickbait
609751138833985537,clickbait
609751283227074560,no-clickbait
609752111816024064,clickbait
609752487168475136,clickbait
609752580567085058,no-clickbait
609752850437025792,clickbait
609753074949849088,clickbait
609753355557048321,clickbait
609753367154307072,no-clickbait
609757152547356672,no-clickbait
609757375252201472,no-clickbait
609757901716983808,no-clickbait
609758047251079169,clickbait
609758049490862080,no-clickbait
609759582328590336,clickbait
609760921515347968,clickbait
609762654622756865,no-clickbait
609762671554990080,no-clickbait
609763459388035072,no-clickbait
609764179050893313,clickbait
609764863850737664,clickbait
609764948982505472,clickbait
609765780989718528,no-clickbait
609767435999289344,clickbait
609767455142113280,clickbait
609767648818278400,no-clickbait
609767933913468928,no-clickbait
609768184594477056,no-clickbait
609768597351600129,no-clickbait
609768712934162432,clickbait
609769228196048896,no-clickbait
609769482513420289,no-clickbait
609770471240925184,no-clickbait
609770716284620801,no-clickbait
609771945983373312,no-clickbait
609773071210299392,no-clickbait
609773519317172224,no-clickbait
609775638912860162,no-clickbait
609776259493539841,clickbait
609776510791102464,no-clickbait
609777448876576768,no-clickbait
609777750329716737,no-clickbait
609777778754387968,no-clickbait
609777980408209408,no-clickbait
609779057014755329,no-clickbait
609780343680409600,no-clickbait
609781041579040768,clickbait
609783574456184832,no-clickbait
609784377602613248,no-clickbait
609784698240434176,no-clickbait
609784717941035008,clickbait
609785219307171840,no-clickbait
609785419199197185,no-clickbait
609785445589884928,no-clickbait
609785572945563648,clickbait
609786417850544131,no-clickbait
609788085904084992,no-clickbait
609788720552742912,no-clickbait
609789440626683905,no-clickbait
609789543441543168,no-clickbait
609790100688388097,clickbait
609790106023493632,no-clickbait
609791873016705025,clickbait
609793111708041216,no-clickbait
609793641909911554,clickbait
609794383710261248,no-clickbait
609794393071968256,clickbait
609794629198815232,clickbait
609796147163430912,no-clickbait
609796227983511552,no-clickbait
609797449670995968,no-clickbait
609797459292745728,no-clickbait
609797662640975872,clickbait
609797672397090816,no-clickbait
609797946876538880,no-clickbait
609799186419187712,no-clickbait
609799914906714112,no-clickbait
609799932933992449,clickbait
609802428058308610,no-clickbait
609803196970565632,clickbait
609803432753377280,no-clickbait
609803961030283264,no-clickbait
609805206549729281,no-clickbait
609806173907386368,no-clickbait
609806633129148416,clickbait
609807305291485184,no-clickbait
609807645285986305,no-clickbait
609808083280351232,no-clickbait
609808994828447744,clickbait
609811239372390402,clickbait
609815214352113664,no-clickbait
609815274749956097,clickbait
609816952857591808,clickbait
609817436037246976,no-clickbait
609818820795047936,no-clickbait
609820070286610432,clickbait
609822058361524224,no-clickbait
609823868685938688,no-clickbait
609824145258512387,no-clickbait
609824314775470080,no-clickbait
609824622629023745,clickbait
609824775050010624,clickbait
609825595833257984,no-clickbait
609826099745284096,no-clickbait
609827637540864000,clickbait
609828243168997376,no-clickbait
609831118938898433,no-clickbait
609831384178229248,clickbait
609831613887827968,no-clickbait
609833834406809600,no-clickbait
609835162935934978,no-clickbait
609835392079040513,no-clickbait
609835924680126465,clickbait
609836676190482432,no-clickbait
609837348797419520,no-clickbait
609840403978829824,clickbait
609841938032758784,no-clickbait
609842486027137024,no-clickbait
609842832082276352,no-clickbait
609842833990750209,no-clickbait
609842934050066432,no-clickbait
609842954111291393,no-clickbait
609842962365849600,no-clickbait
609846489121169408,no-clickbait
609847126097530880,no-clickbait
609847729133453312,no-clickbait
609849746618880000,no-clickbait
609850308974526464,clickbait
609851889212002304,no-clickbait
609853253212348416,clickbait
609854032060878848,no-clickbait
609854038688038912,clickbait
609856541399711744,clickbait
609857104183214080,clickbait
609857813762940928,clickbait
609858047670923265,no-clickbait
609859242888155137,no-clickbait
609859433687072768,clickbait
609859442318946304,clickbait
609861701278806016,no-clickbait
609865605856899072,no-clickbait
609866387469631488,no-clickbait
609867719849168896,no-clickbait
609868855863844864,clickbait
609873692148035584,clickbait
609875289775210497,no-clickbait
609875428531142656,no-clickbait
609875753778462720,clickbait
609878084842573824,no-clickbait
609880090378420224,clickbait
609881512113229825,no-clickbait
609882214625492992,clickbait
609883711882985472,no-clickbait
609883985322332161,no-clickbait
609884243859103745,no-clickbait
609886521202733057,clickbait
609887802759729152,clickbait
609888858658983936,no-clickbait
609889450286559233,no-clickbait
609890265306910720,clickbait
609890497826525184,clickbait
609891786912329728,clickbait
609895465627160576,no-clickbait
609895551149064193,no-clickbait
609897096708141057,no-clickbait
609897301033795584,clickbait
609899436018372608,no-clickbait
609901627479302144,clickbait
609903122270560256,clickbait
609905865387282432,no-clickbait
609905883598974976,no-clickbait
609906886268321792,clickbait
609906994145853440,no-clickbait
609908275539095552,no-clickbait
609909387872849921,clickbait
609910906177372160,clickbait
609913649684185088,no-clickbait
609914433897406464,clickbait
609914752081494016,clickbait
609916943106224128,no-clickbait
609916948936290304,no-clickbait
609917929803632640,no-clickbait
609921977906692099,no-clickbait
609923464825307136,clickbait
609929955007295488,no-clickbait
609930282418880514,no-clickbait
609933530911625216,no-clickbait
609935186101276672,no-clickbait
609937088692252673,clickbait
609939596466524161,no-clickbait
609939858744864768,no-clickbait
609948900074520577,clickbait
609949762230558720,no-clickbait
609952176836706304,clickbait
609952184705400832,clickbait
609953662840999936,clickbait
609957208856465408,clickbait
609957541196492800,clickbait
609958948809084928,clickbait
609959719273279488,no-clickbait
609959724553867264,no-clickbait
609959736671358977,no-clickbait
609967011951587328,clickbait
609967374578642944,no-clickbait
609968762394120192,clickbait
609971043172773888,clickbait
609972342844997632,no-clickbait
609973703527501824,no-clickbait
609973847996108800,no-clickbait
609974557194072065,no-clickbait
609975785479245824,no-clickbait
609978625308299264,no-clickbait
609979286435463168,no-clickbait
609979864469254145,clickbait
609980809559306240,no-clickbait
609983377605668864,clickbait
609983861649469440,clickbait
609986399094329344,clickbait
609986766490234881,clickbait
609986987873959936,no-clickbait
609988792947224576,no-clickbait
609989029468184576,no-clickbait
609990185078624256,no-clickbait
609990980691980288,no-clickbait
609991261185970176,no-clickbait
609994040717783040,no-clickbait
609994100931194880,clickbait
609994137044168704,no-clickbait
609994229465632768,no-clickbait
609994977335230465,no-clickbait
609998126737395712,no-clickbait
609999437717446657,no-clickbait
610000850723958784,no-clickbait
610001247085707264,no-clickbait
610006047227555840,no-clickbait
610006812335697920,clickbait
610007794931122176,no-clickbait
610008000405864448,no-clickbait
610009028324925440,clickbait
610010188226162688,clickbait
610012260166189056,clickbait
610013784401428481,no-clickbait
610015966093791232,clickbait
610016195174121472,no-clickbait
610016757638660096,clickbait
610020136465076224,clickbait
610020241859571712,clickbait
610021006980325377,clickbait
610021097665363968,no-clickbait
610022638614765571,no-clickbait
610024842864259073,no-clickbait
610025145650950144,clickbait
610025386852810752,no-clickbait
610026190687092736,clickbait
610026547404271616,no-clickbait
610026837767516161,no-clickbait
610029160405331968,no-clickbait
610030285623816192,no-clickbait
610031046038560768,no-clickbait
610033901646544897,clickbait
610034795599499264,no-clickbait
610035233384218624,clickbait
610035364154200065,clickbait
610035478432067584,no-clickbait
610035609353211904,no-clickbait
610035650889445376,no-clickbait
610036476974338048,clickbait
610037052470636544,no-clickbait
610037672271314944,clickbait
610037731935285248,no-clickbait
610038523580796928,no-clickbait
610038875243872256,no-clickbait
610039133029969920,no-clickbait
610039228513316864,no-clickbait
610039498806849536,clickbait
610039839816294400,no-clickbait
610040226178859009,no-clickbait
610042285091356672,clickbait
610043694951985153,no-clickbait
610046672937328640,no-clickbait
610046784711229442,no-clickbait
610047021202964481,no-clickbait
610047431804329984,no-clickbait
610047940309188608,clickbait
610049545402228736,clickbait
610050559899340800,clickbait
610052516194217985,no-clickbait
610053872573411328,no-clickbait
610054327739285504,no-clickbait
610054644753166338,no-clickbait
610056429186207744,no-clickbait
610056503626698752,no-clickbait
610057308580786177,no-clickbait
610059159833313281,no-clickbait
610059345032818689,no-clickbait
610059413173342208,no-clickbait
610060313141059584,no-clickbait
610060716507271169,clickbait
610061903503556608,no-clickbait
610062301585108992,clickbait
610062399408726018,clickbait
610063063685795840,no-clickbait
610063567530905600,clickbait
610065075462930432,no-clickbait
610065428958679041,no-clickbait
610066209795670016,no-clickbait
610066339106037761,no-clickbait
610069022726594560,no-clickbait
610069427833409536,no-clickbait
610070148876251136,clickbait
610070227976617984,no-clickbait
610070882866884608,no-clickbait
610072501952073730,clickbait
610072986167545859,no-clickbait
610073192921726976,no-clickbait
610074722454347776,no-clickbait
610075345614696448,no-clickbait
610075776856260608,no-clickbait
610075846452355072,clickbait
610076601515155456,clickbait
610076987286142976,clickbait
610077399083032576,clickbait
610078414863761408,no-clickbait
610079178499747840,no-clickbait
610080518428717058,no-clickbait
610080518453891072,no-clickbait
610080645373665281,no-clickbait
610081789374242818,no-clickbait
610082021860319232,no-clickbait
610082540766937089,clickbait
610083910530281472,no-clickbait
610084560383180800,no-clickbait
610085445339361280,no-clickbait
610085634007392258,no-clickbait
610086821918326784,no-clickbait
610087465748197377,no-clickbait
610088208081285120,no-clickbait
610089560253571072,clickbait
610089677652107264,no-clickbait
610089930442735616,no-clickbait
610090465581498368,clickbait
610090597089693696,clickbait
610092081223221248,no-clickbait
610094119478820864,no-clickbait
610094173274931200,clickbait
610094330972405761,no-clickbait
610094370927300609,no-clickbait
610094525323870208,no-clickbait
610094844204163072,clickbait
610096516888444928,no-clickbait
610096771746930688,no-clickbait
610096887572623361,no-clickbait
610098004389965826,no-clickbait
610098444045303808,clickbait
610098529286115328,no-clickbait
610099516222631936,no-clickbait
610099590705082368,no-clickbait
610099673324462080,no-clickbait
610099898210357248,no-clickbait
610100077739278336,clickbait
610100431155539969,no-clickbait
610100648609091586,clickbait
610101313020538881,no-clickbait
610101434529521666,no-clickbait
610101522437947392,no-clickbait
610102406408482817,clickbait
610102869585494016,clickbait
610103164176433152,no-clickbait
610103181578764291,no-clickbait
610103301804326912,no-clickbait
610105110962774016,no-clickbait
610105281801003008,no-clickbait
610106682149072896,no-clickbait
610108776717225985,no-clickbait
610109231656779776,clickbait
610109554546864128,no-clickbait
610109690018701312,clickbait
610109743022129152,no-clickbait
610109943811846144,clickbait
610110749961228290,no-clickbait
610111073186791424,no-clickbait
610111244192882688,no-clickbait
610111966905016320,no-clickbait
610112234329608192,no-clickbait
610113742785916928,no-clickbait
610113852949270529,no-clickbait
610114260337827840,no-clickbait
610114276641083392,clickbait
610114423794081792,no-clickbait
610114489455910912,no-clickbait
610114578874286080,no-clickbait
610114650974367744,clickbait
610114738077495296,no-clickbait
610114743416791040,no-clickbait
610115402459430914,no-clickbait
610115685046317057,clickbait
610117265275678720,no-clickbait
610117794131234816,no-clickbait
610118077859131392,no-clickbait
610118099333967872,clickbait
610118263717019649,no-clickbait
610119796986900481,no-clickbait
610121807354568704,no-clickbait
610121883267239936,no-clickbait
610122117334573056,no-clickbait
610122293474299904,no-clickbait
610122298071252992,no-clickbait
610123313260576770,clickbait
610125564473552896,no-clickbait
610125815116865536,no-clickbait
610125845512986624,no-clickbait
610126144763891712,no-clickbait
610128599002259456,no-clickbait
610129612803158016,no-clickbait
610130594299781120,no-clickbait
610131270757163010,no-clickbait
610131998225477632,no-clickbait
610132177427267584,no-clickbait
610133346635657216,no-clickbait
610133370731794432,no-clickbait
610133379988623360,no-clickbait
610134677928714240,no-clickbait
610135222806544384,clickbait
610135600008564737,no-clickbait
610136286582689792,no-clickbait
610137399297871872,no-clickbait
610138433202356227,no-clickbait
610138857850470400,clickbait
610139152475000832,no-clickbait
610139975959638016,clickbait
610140783618953216,no-clickbait
610140931157659648,clickbait
610141266114965504,no-clickbait
610141546394947584,no-clickbait
610142501702402048,no-clickbait
610142803545456641,no-clickbait
610144803796422657,no-clickbait
610145453469007874,no-clickbait
610146104840187904,no-clickbait
610148974670942208,no-clickbait
610149200228167680,no-clickbait
610149283095007232,no-clickbait
610149872059195392,clickbait
610149967978565633,clickbait
610150222791077888,no-clickbait
610151787849453569,no-clickbait
610152000295202818,no-clickbait
610152009384259584,clickbait
610152153764732928,no-clickbait
610152342521028609,no-clickbait
610152495176810496,no-clickbait
610153496130686976,clickbait
610155526199111683,clickbait
610156029574184960,clickbait
610156894007787521,no-clickbait
610157286464618499,no-clickbait
610158544428478464,no-clickbait
610159802644340736,clickbait
610159803571302400,no-clickbait
610159859636371456,no-clickbait
610159877307125760,no-clickbait
610160034882785280,no-clickbait
610161502880821248,no-clickbait
610162691265667073,no-clickbait
610163727602724864,no-clickbait
610165837824004096,clickbait
610166079554322433,no-clickbait
610167649172103168,no-clickbait
610168057957359617,no-clickbait
610168646376267776,no-clickbait
610168757990879232,no-clickbait
610168761862201344,no-clickbait
610171029575610369,clickbait
610172382351745024,no-clickbait
610173632506122242,no-clickbait
610173634028527616,clickbait
610173644417970176,no-clickbait
610173844561788928,no-clickbait
610174056575463424,no-clickbait
610174526618529792,clickbait
610174713671892992,no-clickbait
610174905183809537,clickbait
610177110423044096,clickbait
610177242782679040,no-clickbait
610177406922461185,no-clickbait
610178592241119232,no-clickbait
610179172237860864,no-clickbait
610180155814903808,no-clickbait
610181757300801536,clickbait
610182681339367424,no-clickbait
610186146891501568,no-clickbait
610187469779111936,clickbait
610188743576825856,no-clickbait
610190069928865792,no-clickbait
610190266885099521,no-clickbait
610192170406907904,clickbait
610192510426550272,clickbait
610192514591490048,clickbait
610192856217747456,no-clickbait
610193126091788288,no-clickbait
610193347400085504,no-clickbait
610195034680328193,no-clickbait
610195859318419456,clickbait
610195874623438848,clickbait
610197124387463168,no-clickbait
610197224828600320,no-clickbait
610197553922068480,clickbait
610197661015146496,no-clickbait
610199605456838656,clickbait
610200047951609857,no-clickbait
610200274658029568,no-clickbait
610200540585283585,no-clickbait
610201503752658944,clickbait
610201840836186112,no-clickbait
610205028792598529,no-clickbait
